10443,ΣΕΠΟΛΙΑ,38.0045679,23.7160906,1,10443
10444,ΚΟΛΩΝΟΣ,37.9944925,23.7042077,2,10444
10445,ΤΡΕΙΣ ΓΕΦΥΡΕΣ ΑΘΗΝΑ,38.0158537,23.7268584,3,10445
10446,ΠΛΑΤΕΙΑ ΑΜΕΡΙΚΗΣ ΚΥΨΕΛΗ,38.0026161,23.7334402,4,10446
10671,ΠΛΑΤΕΙΑ ΚΑΝΙΓΓΟΣ ΣΥΝΤΑΓΜΑ,37.9755042,23.7326761,5,10671
10672,ΠΛΑΤΕΙΑ ΚΑΝΙΓΓΟΣ ΣΥΝΤΑΓΜΑ,37.9755042,23.7326761,6,10672
10673,ΚΟΛΩΝΑΚΙ,37.9779718,23.7429958,7,10673
10674,ΕΘΝΙΚΟΣ ΚΗΠΟΣ ΖΑΠΠΕΙ,37.9734542,23.735698,8,10674
10677,ΠΛΑΤΕΙΑ ΚΑΝΙΓΓΟΣ ΣΥΝΤΑΓΜΑ,37.9755042,23.7326761,9,10677
10678,ΠΛΑΤΕΙΑ ΚΑΝΙΓΓΟΣ ΣΥΝΤΑΓΜΑ,37.9755042,23.7326761,10,10678
10679,ΠΛΑΤΕΙΑ ΚΑΝΙΓΓΟΣ ΣΥΝΤΑΓΜΑ,37.9755042,23.7326761,11,10679
10680,ΕΞΑΡΧΕΙΑ ΑΘΗΝΑ,37.9864882,23.7278787,12,10680
10681,ΕΞΑΡΧΕΙΑ ΑΘΗΝΑ,37.9864722,23.7366549,13,10681
10682,ΙΟΥΛΙΑΝΟΥ,37.9916228,23.7268584,14,10682
10683,ΘΕΜΟΣΤΟΚΛΕΟΥΣ,37.9856191,23.7311693,15,10683
11141,ΚΥΠΡΙΑΔΟΥ ΑΘΗΝΑ,38.0194618,23.7417658,16,11141
11142,ΛΑΜΠΡΙΝΗ ΑΘΗΝΑ,38.0229304,23.7494423,17,11142
11143,ΡΙΖΟΥΠΟΛΗ ΑΘΗΝΑ,38.0270543,23.7403394,18,11143
11144,ΚΑΤΩ ΠΑΤΗΣΙΑ,38.0119201,23.7279894,19,11144
11145,ΤΡΕΙΣ ΓΕΦΥΡΕΣ ΑΘΗΝΑ,38.0157683,23.7229316,20,11145
11146,ΓΑΛΑΤΣΙ ΛΑΜΠΡΙΝΗ,38.0229304,23.7494423,21,11146
11251,ΠΛΑΤΕΙΑ ΑΜΕΡΙΚΗΣ,38.0026203,23.7312462,22,11251
11252,ΠΛΑΤΕΙΑ ΑΤΤΙΚΗΣ,37.9963291,23.7203113,23,11252
11253,ΚΑΤΩ ΠΑΤΗΣΙΑ,38.0119201,23.7279894,24,11253
11254,ΚΑΤΩ ΠΑΤΗΣΙΑ,38.0119362,23.7192132,25,11254
11255,ΠΛΑΤΕΙΑ ΚΟΛΙΑΤΣΟΥ ΚΥΨΕΛΗ,38.0100651,23.7325715,26,11255
11256,ΠΛΑΤΕΙΑ ΚΟΛΙΑΤΣΟΥ ΚΥΨΕΛΗ,38.0100651,23.7325715,27,11256
11257,ΠΛΑΤΕΙΑ ΑΜΕΡΙΚΗΣ ΚΥΨΕΛΗ,38.0026161,23.7334402,28,11257
11361,ΠΛΑΤΕΙΑ ΑΜΕΡΙΚΗΣ,38.0026203,23.7312462,29,11361
11364,ΑΜΠΕΛΟΚΗΠΟΙ,40.6536074,22.9223719,30,11364
11471,ΝΕΑΠΟΛΗ ΑΘΗΝΑΣ,37.9843293,23.732948,31,11471
11472,ΝΕΑΠΟΛΗ ΑΘΗΝΑΣ,37.9843293,23.732948,32,11472
11473,ΝΕΑΠΟΛΗ ΑΘΗΝΑΣ,37.9843293,23.732948,33,11473
11474,ΓΚΥΖΗ,37.9909165,23.7459493,34,11474
11475,ΓΚΥΖΗ,37.9909165,23.7459493,35,11475
11476,ΓΚΥΖΗ,37.9909165,23.7459493,36,11476
11521,ΕΥΑΓΓΕΛΙΣΜΟΣ,37.9800129,23.7484385,37,11521
11522,ΑΜΠΕΛΟΚΗΠΟΙ ΓΚΥΖΗ,40.6819373,22.9333079,38,11522
11523,ΑΜΠΕΛΟΚΗΠΟΙ,37.9891078,23.7634386,39,11523
11526,ΕΡΥΘΡΟΣ ΣΤΑΥΡΟΣ,37.9919459,23.772459,40,11526
11527,ΜΙΧΑΛΑΚΟΠΟΥΛΟΥ,37.9809436,23.7576755,41,11527
11528,ΜΙΧΑΛΑΚΟΠΟΥΛΟΥ,37.9809436,23.7576755,42,11528
11632,ΓΟΥΒΑ,37.9591224,23.7359473,43,11632
11633,ΠΑΓΚΡΑΤΙ,37.9716429,23.7472883,44,11633
11634,ΠΑΓΚΡΑΤΙ,37.9716429,23.7472883,45,11634
11851,ΘΗΣΕΙΟ,37.9758184,23.719245,46,11851
11852,ΠΕΤΡΑΛΩΝΑ ΑΝΩ,37.9683465,23.7116423,47,11852
11853,ΠΕΤΡΑΛΩΝΑ ΚΑΤΩ,37.9719133,23.7069358,48,11853
12461,ΧΑΙΔΑΡΙ,38.0052981,23.6642751,49,12461
12462,ΧΑΙΔΑΡΙ ΔΑΣΟΣ,38.0159263,23.6476468,50,12462
13121,ΝΕΑ ΛΙΟΣΙΑ ΠΑΛΑΤΙΑΝΗ,38.0269674,23.6925299,51,13121
13122,ΝΕΑ ΛΙΟΣΙΑ ΑΓΙΑ ΦΑΝΟΥΡΙ,38.0203126,23.7095937,52,13122
13123,ΝΕΑ ΛΙΟΣΙΑ,38.0374707,23.6978864,53,13123
13231,ΠΕΤΡΟΥΠΟΛΗ,38.0423558,23.6842658,54,13231
13232,ΠΕΤΡΟΥΠΟΛΗ,38.0379734,23.6928868,55,13232
13341,ΑΝΩ ΛΙΟΣΙΑ,38.0807098,23.706755,56,13341
13342,ΜΕΝΙΔΙ,38.0737425,23.7048175,57,13342
13451,ΖΕΦΥΡΙ,38.0708633,23.7082439,58,13451
14121,ΗΡΑΚΛΕΙΟ ΝΕΑ ΗΡΑΚΛΕΙΟ,38.0472708,23.7714547,59,14121
14122,ΗΡΑΚΛΕΙΟ,38.0511604,23.7680577,60,14122
14123,ΜΕΤΑΜΟΡΦΩΣΗ ΛΥΚΟΒΡΥΣ,38.0673903,23.7813182,61,14123
14231,ΝΕΑ ΙΩΝΙΑ ΙΩΝΙΑ,38.0441541,23.7501561,62,14231
14234,ΝΕΑ ΙΩΝΙΑ ΕΛΕΥΘΕΡΟΥΠΟΛ,38.0410095,23.7578668,63,14234
14235,ΝΕΑ ΙΩΝΙΑ ΚΑΛΟΓΡΕΖΑ,38.0350363,23.7759925,64,14235
14341,ΝΕΑ ΦΙΛΑΔΕΛΦΕΙΑ,38.033916,23.737403,65,14341
14342,ΝΕΑ ΦΙΛΑΔΕΛΦΕΙΑ,38.0452058,23.7422429,66,14342
14343,ΝΕΑ ΧΑΛΚΗΔΟΝΑ,38.0293616,23.7329608,67,14343
14451,ΜΕΤΑΜΟΡΦΩΣΗ,38.0556442,23.7583685,68,14451
14452,ΜΕΤΑΜΟΡΦΩΣΗ,38.0622969,23.7599103,69,14452
14561,ΣΤΑΘΜΟΣ ΗΣΑΠ ΚΗΦΙΣΙΑ,38.0739486,23.8060457,70,14561
14562,ΚΗΦΙΣΙΑ,38.0722402,23.8139199,71,14562
14564,ΚΗΦΙΣΙΑ ΝΕΑ ΚΗΦΗΣΙΑ,38.0956293,23.7913435,72,14564
14569,ΑΝΟΙΞΗ,38.1317568,23.8603199,73,14569
14572,ΔΡΟΣΙΑ,38.119756,23.8661305,74,14572
14574,ΡΟΔΟΠΟΛΗ,38.1167583,23.8760815,75,14574
14576,ΔΙΟΝΥΣΟΣ,38.0987438,23.8790184,76,14576
14578,ΕΚΑΛΗ,38.1008771,23.8350796,77,14578
14671,ΝΕΑ ΕΡΥΘΡΑΙΑ,38.0926493,23.8200477,78,14671
15122,ΜΑΡΟΥΣΙ ΑΜΑΛΙΕΙΟ ΟΡΦ,38.0549562,23.807655,79,15122
15123,ΜΑΡΟΥΣΙ ΝΕΑ ΦΙΛΟΘΕΗ,38.0314264,23.7853852,80,15123
15124,ΜΑΡΟΥΣΙ,38.0512581,23.8021097,81,15124
15125,ΜΑΡΟΥΣΙ ΠΑΡΑΔΕΙΣΟΣ,38.0453,23.8203025,82,15125
15127,ΜΕΛΙΣΣΙΑ,38.0572295,23.8336016,83,15127
15231,ΧΑΛΑΝΔΡΙ ΑΓΙΑ ΒΑΡΒΑΡΑ,38.0137595,23.7854066,84,15231
15232,ΧΑΛΑΝΔΡΙ,38.020741,23.7959223,85,15232
15233,ΧΑΛΑΝΔΡΙ,38.024942,23.79748,86,15233
15234,ΧΑΛΑΝΔΡΙ,38.0265707,23.8198045,87,15234
15235,ΒΡΙΛΗΣΣΙΑ,38.0329785,23.831904,88,15235
15236,ΠΕΝΤΕΛΗ ΝΕΑ ΠΕΝΤΕΛΗΟΡ,38.0606091,23.8590907,89,15236
15237,ΦΙΛΟΘΕΗ,38.0250988,23.7791452,90,15237
15341,ΑΓΙΑ ΠΑΡΑΣΚΕΥΗ ΝΕΑ ΖΩΗ,38.0090444,23.8200341,91,15341
15342,ΑΓΙΑ ΠΑΡΑΣΚΕΥΗ ΑΓΙΑΝΝΗ,38.0077479,23.8252029,92,15342
15343,ΑΓΙΑ ΠΑΡΑΣΚΕΥΗ ΠΕΥΚΑΚΙ,38.0210263,23.8430443,93,15343
15344,ΑΝΘΟΥΣΑ,38.0230869,23.8724272,94,15344
15351,ΠΑΛΛΗΝΗ,38.0035103,23.8835158,95,15351
15354,ΓΛΥΚΑ ΝΕΡΑ,37.993481,23.848306,96,15354
15451,ΝΕΑ ΨΥΧΙΚΟ,38.0049076,23.7785742,97,15451
15452,ΨΥΧΙΚΟ ΑΓΙΑ ΔΗΜΗΤΡΙΟΣ,38.0114368,23.7770979,98,15452
15561,ΧΟΛΑΡΓΟΣ ΝΑΟΣ ΦΑΝΕΡΩ,38.0026476,23.7986048,99,15561
15562,ΧΟΛΑΡΓΟΣ ΠΛΑΤΕΙΑ ΕΘ ΝΕΑ ΑΝΤΙ,38.0026476,23.7986048,100,15562
15669,ΠΑΠΑΓΟΥ,37.9885749,23.7965135,101,15669
15771,ΖΩΓΡΑΦΟΥ ΑΝΩ ΙΛΙΣΙΑ,37.9743287,23.7736717,102,15771
15772,ΖΩΓΡΑΦΟΥ ΑΝΩ ΙΛΙΣΙΑ,37.9743287,23.7736717,103,15772
15773,ΖΩΓΡΑΦΟΥ ΓΟΥΔΙ,37.9807643,23.7708378,104,15773
16121,ΚΑΙΣΑΡΙΑΝΗ ΓΗΠΕΔΑ ΝΗΑΡ ΗΣΤ,37.966955,23.7594267,105,16121
16231,ΒΥΡΩΝ ΝΕΑ ΕΛΒΕΤΙΑ,37.9573636,23.7582564,106,16231
16232,ΒΥΡΩΝΑΣ,37.9617869,23.7513958,107,16232
16233,ΒΥΡΩΝ ΖΩΟΔΟΧΟΣ ΠΗΓΗ,37.9543661,23.7605118,108,16233
16341,ΗΛΙΟΥΠΟΛΗ ΚΑΤΩ ΗΛΙΟΥΠΟΛΗ,37.9336901,23.7380213,109,16341
16346,ΗΛΙΟΥΠΟΛΗ ΚΑΤΩ ΗΛΙΟΥΠΟΛΗ,37.9336901,23.7380213,110,16346
16671,ΒΟΥΛΙΑΓΜΕΝΗ  ΜΙΚΡΟ ΚΑΒΟΥΡΙ,37.8190772,23.7597759,111,16671
16672,ΒΑΡΗ,37.8334351,23.802873,112,16672
17121,ΝΕΑ ΣΜΥΡΝΗ ΓΗΠ.ΠΑΝΙΩΝΙ,37.9442881,23.7117556,113,17121
17122,ΝΕΑ ΣΜΥΡΝΗ,37.9407215,23.7104113,114,17122
17123,ΝΕΑ ΣΜΥΡΝΗ ΠΛΑΤΕΙΑ ΗΡ.ΚΥΠΡΟ,37.9377309,23.7162886,115,17123
17124,ΝΕΑ ΣΜΥΡΝΗ ΑΝΩ ΝΕΑ ΣΜΥΡΝ,37.967477,23.6947674,116,17124
17234,ΔΑΦΝΗ Α.ΔΑΦΝΗ,37.9766976,23.7838284,117,17234
17235,ΔΑΦΝΗ,37.9505331,23.7347983,118,17235
17236,ΥΜΗΤΤΟΣ ΚΑΛΥΚΟΠΟΙΕΙΟ,37.9519671,23.744877,119,17236
17237,ΥΜΗΤΤΟΣ ΠΑΡ.ΑΛΕΞΑΝ,37.9525906,23.7464528,120,17237
17341,ΑΓΙΑ ΔΗΜΗΤΡΙΟΣ,37.9394366,23.7312607,121,17341
17343,ΑΓΙΑ ΔΗΜΗΤΡΙΟΣ ΑΝΟΙΞΗ,37.9395169,23.7318733,122,17343
17455,ΑΛΙΜΟΣ ΚΑΛΑΜΑΚΙ,37.9120426,23.7098513,123,17455
17562,Π.ΦΑΛΗΡΟ,37.9598181,23.6995799,124,17562
17676,ΚΑΛΛΙΘΕΑ ΠΛΑΤΕΙΑ ΚΑΛΛΙΘΕΑ,39.8472531,21.3562946,125,17676
17778,ΤΑΥΡΟΣ,37.9709961,23.6916685,126,17778
18233,ΑΓΙΑ Ι.ΡΕΝΤΗΣ,37.964925,23.6651046,127,18233
18532,ΠΕΙΡΑΙΑΣ,37.9471388,23.6522882,128,18532
18533,ΠΕΙΡΑΙΑΣ ΚΑΣΤΕΛΛΑ,37.9410179,23.6600693,129,18533
18534,ΠΕΙΡΑΙΑΣ ΠΛΑΤΕΙΑ ΑΛΕΞΑΝΔΡ,37.9346387,23.6507774,130,18534
18536,ΠΕΙΡΑΙΑΣ ΧΑΤΖΗΚΥΡΙΑΚ,36.7128404,24.0024888,131,18536
18537,ΠΕΙΡΑΙΑΣ ΑΓΙΑ ΝΙΚΟΛΑΟΣ,37.9383258,23.6398482,132,18537
18538,ΠΕΙΡΑΙΑΣ ΧΑΤΖΗΚΥΡΙΑΚ,37.9349275,23.6320226,133,18538
18539,ΠΕΙΡΑΙΑΣ ΚΑΛΛΙΠΟΛΙΣ,37.9307333,23.6354757,134,18539
18541,ΠΕΙΡΑΙΑΣ ΑΠΟΛΛΩΝΟΣ,37.9528283,23.6661308,135,18541
18545,ΠΕΙΡΑΙΑ ΤΑΜΠΟΥΡΙΑ,37.9553709,23.6352262,136,18545
18546,ΠΕΙΡΑΙΑΣ ΤΑΜΠΟΥΡΙΑ,36.7128404,24.0024888,137,18546
18547,ΠΕΙΡΑΙΑΣ ΝΕΑ ΦΑΛΗΡΟ,37.9485841,23.6595454,138,18547
18648,ΔΡΑΠΕΤΣΩΝΑ,37.9499825,23.6239953,139,18648
18755,ΚΕΡΑΤΣΙΝΙ,37.9548428,23.6185383,140,18755
19001,ΚΕΡΑΤΕΑ,37.8071796,23.9763412,141,19001
19003,ΜΑΡΚΟΠΟΥΛΟ,37.8833564,23.9333037,142,19003
19004,ΣΠΑΤΑ,37.9646408,23.9070776,143,19004
19005,ΑΓΙΑ ΑΝΔΡΕΑ ΖΟΥΜΠΕΡΙ,38.0719123,23.9776308,144,19005
19009,ΠΙΚΕΡΜΙ ΜΑΤΙ,38.0497254,23.9786851,145,19009
19013,ΣΑΡΩΝΙΔΑ ΑΝΑΒΥΣΟΣ,37.7186417,23.9172743,146,19013
19200,ΜΑΓΟΥΛΑ,39.3840937,22.933412,147,19200
19500,ΛΑΥΡΙΟ,37.714177,24.0576632,149,19441
21100,ΝΑΥΠΛΙΟ,37.5673173,22.8015531,151,19500
23100,ΣΠΑΡΤΗ,37.074461,22.430264,156,20131
24200,ΜΕΣΣΗΝΗ,37.0507794,22.0083727,158,21100
25100,ΑΙΓΙΟ,38.2505451,22.0810942,159,21231
26223,ΠΑΤΡΑ,38.254639,21.7414437,160,21232
26441,ΠΑΤΡΑ,38.2613948,21.7439534,161,22131
26442,ΠΑΤΡΑ,38.2794669,21.7521278,162,22132
26443,ΠΑΤΡΑ,38.2763143,21.7636574,163,23100
30200,ΜΕΣΟΛΟΓΓΙ,38.3686739,21.430415,168,24132
32200,ΘΗΒΑ,38.322579,23.3204309,170,24200
36100,ΚΑΡΠΕΝΗΣΙ,38.9149201,21.7935895,176,25100
41221,ΛΑΡΙΣΑ,39.6396597,22.4190684,177,26223
41222,ΛΑΡΙΣΑ,39.6384962,22.4175464,178,26441
41223,ΛΑΡΙΣΑ,39.632574,22.4256076,179,26442
41334,ΛΑΡΙΣΑ,39.6269945,22.3964308,180,26443
41335,ΛΑΡΙΣΑ,39.6390224,22.4191254,181,27131
46100,ΗΓΟΥΜΕΝΙΤΣΑ,39.5061499,20.2655339,185,27150
48100,ΠΡΕΒΕΖΑ,38.9592649,20.7517155,187,30131
50200,ΠΤΟΛΕΜΑΙΔΑ,40.5129968,21.6784663,188,30132
51100,ΓΡΕΒΕΝΑ,40.0837626,21.4273299,189,30200
52100,ΚΑΣΤΟΡΙΑ,40.5192691,21.2687171,190,32131
53100,ΦΛΩΡΙΝΑ,40.7845262,21.4131222,191,32200
54248,ΕΛΕΥΘΕΡΙΟ,39.6771235,22.5803636,192,34132
54249,ΘΕΣΣΑΛΟΝΙΚΗ,40.6023563,22.9659855,193,34133
54351,ΘΕΣΣΑΛΟΝΙΚΗ,40.617032,22.9742355,194,35131
54352,ΘΕΣΣΑΛΟΝΙΚΗ,40.6120795,22.9831264,195,35132
54453,ΘΕΣΣΑΛΟΝΙΚΗ,40.6136319,22.9679772,196,35133
54454,ΘΕΣΣΑΛΟΝΙΚΗ,40.6098708,22.9747288,197,36100
54621,ΘΕΣΣΑΛΟΝΙΚΗ,40.628504,22.9507099,198,41221
54622,ΘΕΣΣΑΛΟΝΙΚΗ,40.6318012,22.9471962,199,41222
54623,ΘΕΣΣΑΛΟΝΙΚΗ,40.6339971,22.9437701,200,41223
54624,ΘΕΣΣΑΛΟΝΙΚΗ,40.6353503,22.9405516,201,41334
54631,ΘΕΣΣΑΛΟΝΙΚΗ,40.6376266,22.9453289,202,41335
54632,ΘΕΣΣΑΛΟΝΙΚΗ,40.6430365,22.9401863,203,42132
54633,ΘΕΣΣΑΛΟΝΙΚΗ,40.6409812,22.9464999,204,43131
54635,ΘΕΣΣΑΛΟΝΙΚΗ,40.6349904,22.9519038,205,43132
54636,ΑΓΙΟΣ ΠΑΥΛΟΣ,40.6389975,22.9622564,206,46100
54638,ΘΕΣΣΑΛΟΝΙΚΗ,40.6205372,22.9639344,207,47132
54639,ΘΕΣΣΑΛΟΝΙΚΗ,40.6240131,22.9458194,208,48100
54640,ΘΕΣΣΑΛΟΝΙΚΗ,40.6186627,22.9570433,209,50200
54641,ΘΕΣΣΑΛΟΝΙΚΗ,40.6144782,22.9551354,210,51100
54642,ΘΕΣΣΑΛΟΝΙΚΗ,40.6099673,22.9568021,211,52100
54643,ΘΕΣΣΑΛΟΝΙΚΗ,40.60707,22.9526718,212,53100
54644,ΘΕΣΣΑΛΟΝΙΚΗ,40.6074317,22.9598784,213,54248
54645,ΘΕΣΣΑΛΟΝΙΚΗ,40.6015101,22.9525926,214,54249
54655,ΘΕΣΣΑΛΟΝΙΚΗ,40.594229,22.9523189,215,54351
55131,ΚΑΛΑΜΑΡΙΑ,40.5849639,22.9460941,216,54352
55132,ΚΑΛΑΜΑΡΙΑ,40.5745629,22.9465596,217,54453
55133,ΚΑΛΑΜΑΡΙΑ,40.5830803,22.9600784,218,54454
55134,ΚΑΛΑΜΑΡΙΑ,40.5751549,22.9699237,219,54621
55135,ΚΑΛΑΜΑΡΙΑ,40.5846611,22.9529208,220,54622
55236,ΠΑΝΟΡΑΜΑ,40.5885408,23.0279289,221,54623
55337,ΤΡΙΑΝΔΡΙΑ,40.6241099,22.9734623,222,54624
55534,ΠΥΛΑΙΑ,40.6027503,22.9896482,223,54631
55535,ΠΥΛΑΙΑ,40.6027503,22.9896482,224,54632
56429,ΕΥΚΑΡΠΙΑ,40.6897403,22.9541166,225,54633
56625,ΣΥΚΙΕΣ,40.647828,22.9504965,226,54635
57008,ΙΩΝΙΑ ΘΕΣΣΑΛΟΝΙΚΗΣ,40.6102571,22.9673278,227,54636
57013,ΩΡΑΙΟΚΑΣΤΡΟ,40.7277887,22.9205214,228,54638
57019,ΝΕΟΙ ΕΠΙΒΑΤΕΣ,40.49877,22.9122276,229,54639
57021,ΑΣΠΡΟΒΑΛΤΑ,40.7199504,23.7069058,230,54640
57400,ΣΙΝΔΟΣ,40.6717164,22.8015174,231,54641
57500,ΕΠΑΝΟΜΗ,40.4289764,22.9304174,232,54642
58100,ΓΙΑΝΝΙΤΣΑ,40.7943587,22.4144481,233,54643
58200,ΕΔΕΣΣΑ,40.8016803,22.0439798,234,54644
59200,ΝΑΟΥΣΑ,40.6294406,22.0688549,235,54645
61100,ΚΙΛΚΙΣ & ΝΕΑ ΣΑΝΤΑ,40.9937071,22.8753674,239,54655
62121,ΣΕΡΡΕΣ,41.090923,23.5413198,240,55131
62122,ΣΕΡΡΕΣ,41.090923,23.5413198,241,55132
62123,ΣΕΡΡΕΣ,41.0889468,23.5455746,242,55133
62124,ΣΕΡΡΕΣ,41.090923,23.5413198,243,55134
65201,ΚΑΒΑΛΑ,40.937607,24.412866,244,55135
65302,ΚΑΒΑΛΑ,40.937607,24.412866,245,55236
65403,ΚΑΒΑΛΑ,40.935216,24.3995818,246,55337
65404,ΚΑΒΑΛΑ,40.937607,24.412866,247,55534
68200,ΟΡΕΣΤΙΑΔΑ,41.5014015,26.5310803,251,55535
68300,ΔΙΔΥΜΟΤΕΙΧΟ,41.3476492,26.4956372,252,56429
72100,ΑΓΙΟΣ ΝΙΚΟΛΑΟΣ,35.1899597,25.7164166,255,56625
72200,ΙΕΡΑΠΕΤΡΑ,35.0118955,25.7407452,256,57008
72300,ΣΗΤΕΙΑ,35.2086503,26.1052329,257,57013
73131,ΧΑΝΙΑ,35.512272,24.0039591,258,57019
73132,ΧΑΝΙΑ,35.5169936,24.0241223,259,57021
73133,ΧΑΝΙΑ,35.5167968,24.0416508,260,57400
73134,ΧΑΝΙΑ,35.5079351,24.0247558,261,57500
73135,ΧΑΝΙΑ,35.5115215,24.0188242,262,58100
73136,ΧΑΝΙΑ,35.5119909,24.014972,263,58200
83100,ΣΑΜΟΣ,37.7559533,26.9761997,271,59200
84200,ΤΗΝΟΣ,37.5393136,25.1598231,272,60132
85101,ΙΑΛΥΣΟΣ,36.4126577,28.1554071,273,60133
85104,ΚΡΕΜΑΣΤΗ,36.4104187,28.1198084,274,60134
10021,ΒΟΥΛΗ ΤΩΝ ΕΛΛΗΝΩΝ,37.974511,23.7330711,#N/A,61100
10431,ΠΛΑΤΕΙΑ ΟΜΟΝΟΙΑΣ ΑΘΗΝΑ,37.9844383,23.7281172,#N/A,62121
10432,ΠΛΑΤΕΙΑ ΒΑΘΗΣ ΠΛΑΤΕΙΑ ΒΙΚΤΩΡΙΑ,37.9872442,23.7263731,#N/A,62122
10433,ΠΟΛΥΤΕΧΝΕΙΟ ΑΘΗΝΑ,37.9783811,23.7805126,#N/A,62123
10434,ΠΛΑΤΕΙΑ ΒΙΚΤΩΡΙΑΣ ΑΘΗΝΑ,37.9934691,23.7275065,#N/A,62124
10435,ΜΕΤΑΞΟΥΡΓΕΙΟ ΑΘΗΝΑ,37.9842815,23.7177254,#N/A,65201
10436,ΠΛΑΤΕΙΑ ΟΜΟΝΟΙΑΣ,37.9844383,23.7281172,#N/A,65302
10437,ΠΛΑΤΕΙΑ ΟΜΟΝΟΙΑΣ,37.9844383,23.7281172,#N/A,65403
10438,ΣΤΑΘΜΟΣ ΛΑΡΙΣΗΣ,39.2985317,22.3844827,#N/A,65404
10439,ΣΤΑΘΜΟΣ ΛΑΡΙΣΗΣ,39.2985317,22.3844827,#N/A,66131
10440,ΣΤΑΘΜΟΣ ΛΑΡΙΣΗΣ,39.2985317,22.3844827,#N/A,66132
10441,ΚΟΛΩΝΟΣ,38.2280667,21.7632893,#N/A,66133
10442,ΚΟΛΩΝΟΣ,38.2280667,21.7632893,#N/A,68200
10447,ΑΘΗΝΑ ΒΟΤΑΝΙΚΟΣ,37.9823979,23.6940037,#N/A,68300
10551,ΠΛΑΤΕΙΑ ΚΛΑΥΘΜΩΝΟΣ,37.9816306,23.7281396,#N/A,69132
10552,ΠΛΑΤΕΙΑ ΟΜΟΝΟΙΑ ΜΟΝΑΣΤΗΡΑ,37.9844383,23.7281172,#N/A,69133
10553,ΚΕΡΑΜΕΙΚΟΣ ΑΘΗΝΑ,37.9782036,23.7189366,#N/A,72100
10554,ΨΥΡΡΗ ΑΘΗΝΑ,37.9787307,23.7246486,#N/A,72200
10555,ΜΟΝΑΣΤΗΡΑΚΙ,37.9768364,23.7157623,#N/A,72300
10556,ΠΛΑΤΕΙΑ ΜΗΤΡΟΠΟΛΕΩΣ,34.9217445,33.6240247,#N/A,73131
10557,ΠΛΑΤΕΙΑ ΣΥΝΤΑΓΜΑΤΟΣ,37.9755042,23.7326761,#N/A,73132
10558,ΠΛΑΚΑ ΘΗΣΕΙΟ,37.9770312,23.7223758,#N/A,73133
10559,ΠΛΑΤΕΙΑ ΚΛΑΥΘΜΩΝΟΣ,37.9794328,23.7311148,#N/A,73134
10560,ΧΡΥΣΟΣΠΗΛΙΩΤΙΣΣΑ,37.9824516,23.730563,#N/A,73135
10561,ΠΛΑΤΕΙΑ ΚΛΑΥΘΜΩΝΟΣ,37.9799104,23.7293852,#N/A,73136
10562,ΠΛΑΤΕΙΑ ΣΥΝΤΑΓΜΑΤΟΣ ΠΛΑΚΑ,37.9756512,23.7340008,#N/A,74131
10563,ΠΛΑΤΕΙΑ ΟΜΟΝΟΙΑ ΜΟΝΑΣΤΗΡΑ,37.9844383,23.7281172,#N/A,74132
10564,ΛΕΩΦΟΡΟ ΑΜΑΛΙΑΣ ΣΥΝΤΑΓΜΑ,37.974511,23.7330711,#N/A,74150
10675,ΚΟΛΩΝΑΚΙ ΕΥΑΓΓΕΛΙΣΜΟ,37.9769393,23.7437416,#N/A,81131
10676,ΕΥΑΓΓΕΛΙΣΜΟΣ,40.6953398,23.2203643,#N/A,81132
11147,ΓΑΛΑΤΣΙ ΚΑΡΑΓΙΑΝΕΙΚΑ,38.0102422,23.7398972,#N/A,82131
11362,ΚΥΨΕΛΗ,37.9968987,23.740664,#N/A,82132
11363,ΝΕΑ ΚΥΨΕΛΗ,37.9984132,23.7469201,#N/A,83100
11524,ΑΜΠΕΛΟΚΗΠΟΙ,37.9891078,23.7634386,#N/A,84200
11525,ΕΛΛΗΝΟΡΡΩΣΩΝ,37.9967282,23.774901,#N/A,85101
11631,ΓΟΥΒΑ,37.9591224,23.7359473,#N/A,85104
11635,ΣΤΑΔΙΟΑΘΗΝΑ,37.9697566,23.7399832,#N/A,85131
11636,1ο ΝΕΚΡΟΤΑΦΕΙΟ ΑΘΗΝΩΝ,37.9641069,23.7341246,#N/A,
11741,ΚΟΥΚΑΚΙ,37.9665736,23.7249854,#N/A,
11742,ΦΙΛΟΠΠΑΠΟΥ,37.9657156,23.7144061,#N/A,
11743,ΚΥΝΟΣΑΡΓΟΥΣ,37.9625887,23.7306539,#N/A,
11744,ΝΕΟΣ ΚΟΣΜΟΣ,37.9568965,23.7246066,#N/A,
11745,ΝΕΟΣ ΚΟΣΜΟΣ,37.9568965,23.7246066,#N/A,
11854,ΡΟΥΦ ΚΑΤΩ ΠΕΤΡΑΛΩΝΑ,37.984223,23.6923609,#N/A,
11855,ΒΟΤΑΝΙΚΟΣ,37.9823937,23.6961977,#N/A,
12131,ΠΕΡΙΣΤΕΡΙΒΙΑΜΑΞ,37.9994163,23.6901635,#N/A,
12132,ΠΕΡΙΣΤΕΡΙ ΝΕΑ ΚΟΛΟΚΥΝΘ,38.0061651,23.7068523,#N/A,
12133,ΝΕΑ ΣΕΠΟΛΙΑ ΠΕΡΙΣΤΕΡ,38.0151396,23.7046099,#N/A,
12134,ΠΕΡΙΣΤΕΡΙ,38.0117014,23.6957128,#N/A,
12135,ΠΕΡΙΣΤΕΡΙ,38.0226558,23.6880042,#N/A,
12136,ΠΕΡΙΣΤΕΡΙ,38.0078308,23.6823818,#N/A,
12137,ΠΕΡΙΣΤΕΡΙ ΝΕΑ ΖΩΗ,37.9996433,23.6859723,#N/A,
12241,ΑΙΓΑΛΕΩ,37.9894728,23.6789292,#N/A,
12242,ΑΙΓΑΛΕΩ ΣΩΤΗΡΑΚΗ,37.9987666,23.68863,#N/A,
12243,ΑΙΓΑΛΕΩ ΑΝΑΓΕΝΝΗΣΗ,38.002842,23.6796924,#N/A,
12244,ΑΙΓΑΛΕΩ,37.9910674,23.6707902,#N/A,
12351,ΑΓΙΑ ΒΑΡΒΑΡΑ,37.9890595,23.6569691,#N/A,
13343,ΜΕΝΙΔΙ,38.0879825,23.6957867,#N/A,
13344,ΑΝΩ ΛΙΟΣΙΑ,38.0682525,23.7049521,#N/A,
13351,ΦΥΛΗ,38.102909,23.6690367,#N/A,
13461,ΖΕΦΥΡΙ,38.0656555,23.7191262,#N/A,
13501,ΖΕΦΥΡΙ,38.0656555,23.7191262,#N/A,
13561,ΑΓΙΑ ΑΝΑΡΓΥΡΟΙ,38.0281846,23.7184029,#N/A,
13562,ΑΓΙΑ ΑΝΑΡΓΥΡΟΙ,38.0368388,23.7276852,#N/A,
13671,ΠΑΡΝΗΘΑ ΦΥΛΗ,38.1660001,23.6743801,#N/A,
13672,ΜΕΝΙΔΙ,38.0852204,23.738064,#N/A,
13673,ΜΕΝΙΔΙ,38.0846952,23.7406599,#N/A,
13674,ΜΕΝΙΔΙ,38.0920609,23.7329259,#N/A,
13675,ΜΕΝΙΔΙ,38.0838408,23.7348483,#N/A,
13676,ΜΕΝΙΔΙ,38.1303168,23.7587269,#N/A,
13677,ΟΛΥΜΠΙΑΚΟ ΧΩΡΙΟ,38.1101145,23.7683491,#N/A,
13678,ΟΛΥΜΠΙΑΚΟ ΧΩΡΙΟ,38.1115783,23.7631177,#N/A,
13679,ΟΛΥΜΠΙΑΚΟ ΧΩΡΙΟ,38.1079192,23.7631182,#N/A,
14232,ΝΕΑ ΙΩΝΙΑ,38.0330559,23.7498118,#N/A,
14233,ΝΕΟΚΤΙΣΤΑ ΝΕΑΠΟΛΕΩΣ,38.0314024,23.7618449,#N/A,
14563,ΚΗΦΙΣΙΑ ΠΟΛΙΤΕΙΑ,38.0872794,23.8308952,#N/A,
14565,ΑΓΙΟΣ ΣΤΕΦΑΝΟΣ,38.141707,23.8586886,#N/A,
14568,ΚΡΥΟΝΕΡΙ,38.1360707,23.8290729,#N/A,
14575,ΣΤΑΜΑΤΑ,38.1261246,23.8707783,#N/A,
15121,ΠΕΥΚΗ Κ.ΠΕΥΚΗ,38.0529489,23.79056,#N/A,
15126,ΜΑΡΟΥΣΙ ΝΕΑ ΛΕΣΒΟΣ,38.0563575,23.8259775,#N/A,
15238,ΧΑΛΑΝΔΡΙ,38.0354686,23.8511229,#N/A,
15349,ΑΝΘΟΥΣΑ,38.0230869,23.8724272,#N/A,
15780,ΠΑΝΕΠΙΣΤΗΜΙΟΥΠΟΛΗ,41.1401978,25.3632924,#N/A,
16122,ΚΑΙΣΑΡΙΑΝΗ ΑΝΩ ΚΑΙΣΑΡΙΑΝΗ,37.9656684,23.7617788,#N/A,
16342,ΗΛΙΟΥΠΟΛΗ ΑΣΤΥΝΟΜΙΚΑ,37.9239945,23.7629925,#N/A,
16343,ΗΛΙΟΥΠΟΛΗ ΑΝΩ ΝΕΑ ΗΛΙΟΥΠΟΥΛΗ,37.9461185,23.7445474,#N/A,
16344,ΗΛΙΟΥΠΟΛΗ ΑΝΩ ΗΛΙΟΥΠΟΛΗ,37.9461025,23.7533236,#N/A,
16345,ΗΛΙΟΥΠΟΛΗ ΑΝΩ ΗΛΙΟΥΠΟΛΗ,37.9766976,23.7838284,#N/A,
16451,ΑΡΓΥΡΟΥΠΟΛΗ,37.9059632,23.753752,#N/A,
16452,ΑΡΓΥΡΟΥΠΟΛΗ,37.9093343,23.7408677,#N/A,
16561,ΓΛΥΦΑΔΑ Α.ΓΛΥΦΑΔΑ,37.8650426,23.7550447,#N/A,
16562,ΓΛΥΦΑΔΑ ΤΕΡΨΙΘΕΑ,37.8931223,23.7702,#N/A,
16673,ΒΟΥΛΑ ΑΝΩ ΒΟΥΛΑ,37.8523416,23.7724683,#N/A,
16674,ΓΛΥΦΑΔΑ,37.8619956,23.7541813,#N/A,
16675,ΓΛΥΦΑΔΑ,37.8640519,23.7454264,#N/A,
16777,ΕΛΛΗΝΙΚΟ ΑΓΙΑ ΠΑΡΑΣΚΕΥ,37.904557,23.7423393,#N/A,
17342,ΑΓΙΑ ΔΗΜΗΤΡΙΟΣ ΕΘ ΝΕΑ ΑΝΤΙΣ,37.9341226,23.7205138,#N/A,
17456,ΑΛΙΜΟΣ ΕΚΤΕΛΩΝΙΣΤΩΝ,37.921968,23.7364184,#N/A,
17561,Π.ΦΑΛΗΡΟ,37.9598181,23.6995799,#N/A,
17563,Π.ΦΑΛΗΡΟ,37.9598181,23.6995799,#N/A,
17564,Π.ΦΑΛΗΡΟ ΑΜΦΙΘΕΑ,37.941897,23.6898832,#N/A,
17671,ΚΑΛΛΙΘΕΑ ΧΑΡΟΚΟΠΟΥ,37.9574302,23.7107086,#N/A,
17672,ΚΑΛΛΙΘΕΑ ΧΑΡΟΚΟΠΟΥ,37.9550651,23.7093329,#N/A,
17673,ΚΑΛΛΙΘΕΑ ΜΕΤΑΜΟΡΦΩΣΗ,37.9492563,23.6939863,#N/A,
17674,ΚΑΛΛΙΘΕΑ ΤΖΙΤΖΙΦΙΕΣ,37.9451122,23.6867474,#N/A,
17675,ΚΑΛΛΙΘΕΑ ΑΓΙΑ ΕΛΕΟΥΣΑ,37.9545697,23.6942572,#N/A,
18010,ΑΙΓΙΝΑ,37.7474254,23.4291899,#N/A,
18020,ΠΟΡΟΣ,37.5002493,23.4550733,#N/A,
18030,ΜΕΘΑΝΑ,37.5823986,23.3885262,#N/A,
18040,ΥΔΡΑ,37.3466624,23.4659497,#N/A,
18050,ΣΠΕΤΣΕΣ,37.2632783,23.1571722,#N/A,
18120,ΚΟΡΥΔΑΛΛΟΣ ΠΛΑΤΕΙΑ ΕΛΕΥΘΕΡΙΑΣ,37.9775563,23.648135,#N/A,
18121,ΚΟΡΥΔΑΛΛΟΣ ΦΥΛΑΚΕΣ,37.9838044,23.652488,#N/A,
18122,ΚΟΡΥΔΑΛΛΟΣ ΧΩΜΑΤΕΡΗ,37.9939201,23.6450901,#N/A,
18344,ΜΟΣΧΑΤΟ,37.9461725,23.6782811,#N/A,
18345,ΜΟΣΧΑΤΟ,37.9531249,23.6816363,#N/A,
18346,ΜΟΣΧΑΤΟ,37.9583478,23.6854464,#N/A,
18450,ΝΙΚΑΙΑ ΑΓΙΑ ΧΡΥΣΟΣΤΟΜΟ,37.9701123,23.6423642,#N/A,
18451,ΝΙΚΑΙΑ ΝΕΑΠΟΛΗΣ,40.6714128,22.9261508,#N/A,
18452,ΝΙΚΑΙΑ ΝΕΑΠΟΛΗ,37.9801609,23.6404453,#N/A,
18453,ΝΙΚΑΙΑ ΝΕΑΠΟΛΗΣ,40.6714128,22.9261508,#N/A,
18454,ΝΙΚΑΙΑ ΑΣΠΡΑ ΧΩΜΑΤΑ,37.9672508,23.6612108,#N/A,
18510,ΤΕΛΩΝΕΙΟ Α',37.9491278,23.640579,#N/A,
18531,ΠΕΙΡΑΙΑΣ,37.9447711,23.6432507,#N/A,
18535,ΠΕΙΡΑΙΑ,37.9416779,23.6483108,#N/A,
18540,ΠΕΙΡΑΙΑΣ,37.9522979,23.6518792,#N/A,
18542,ΠΕΙΡΑΙΕΥΣ ΚΟΚΚΙΝΙΑ,37.9620112,23.65356,#N/A,
18543,ΠΕΙΡΑΙΑΣ ΜΑΝΙΑΤΙΚΑ,37.9563672,23.6476099,#N/A,
18544,ΝΙΚΑΙΑ ΠΕΙΡΑΙΑΣ,37.9578297,23.6372814,#N/A,
18756,ΚΕΡΑΤΣΙΝΙ ΑΓΙΟΣ ΓΕΩΡΓΙΟΣ,37.961153,23.6168866,#N/A,
18757,ΚΕΡΑΤΣΙΝΙ ΑΜΦΙΑΛΗ,37.9701789,23.6214897,#N/A,
18758,ΚΕΡΑΤΣΙΝΙ ΑΜΦΙΑΛΗ,37.9678208,23.6170282,#N/A,
18863,ΠΕΡΑΜΑ,37.9656089,23.5677089,#N/A,
18900,ΣΑΛΑΜΙΝΑ,37.966284,23.4952437,#N/A,
18901,ΣΑΛΑΜΙΝΑ,37.9513322,23.5827368,#N/A,
18902,ΣΑΛΑΜΙΝΑ,37.954993,23.5277852,#N/A,
18903,ΣΑΛΑΜΙΝΑ,37.9040129,23.4418908,#N/A,
19002,ΠΑΙΑΝΙΑ,37.9553334,23.8522263,#N/A,
19006,ΝΕΑ ΠΕΡΑΜΟΣ Μ.ΠΕΥΚΟ,38.0125381,23.4233633,#N/A,
19007,ΜΑΡΑΘΩΝΑΣ,38.1532814,23.9619908,#N/A,
19008,ΕΡΥΘΡΕΣ,38.2174124,23.3221403,#N/A,
19010,ΚΑΛΥΒΙΑ ΘΟΡΙΚΟΥ,37.8405133,23.9284043,#N/A,
19011,ΜΑΛΑΚΑΣΑ,38.2388242,23.7964627,#N/A,
19012,ΒΙΛΙΑ ΠΟΡΤΟ ΓΕΡΜΕΝΟ,38.1550638,23.2248848,#N/A,
19014,ΚΑΠΑΝΔΡΙΤΙ ΒΑΡΝΑΒΑΣ,38.2520001,23.9454801,#N/A,
19015,ΩΡΩΠΟΣ ΚΑΛΑΜΟΣ,38.3560984,23.7933123,#N/A,
19016,ΑΡΤΕΜΙΣ ΛΟΥΤΣΑ,37.9613488,23.9952789,#N/A,
19018,ΜΑΓΟΥΛΑ,39.3840937,22.933412,#N/A,
19100,ΜΕΓΑΡΑ,37.9943201,23.3430496,#N/A,
19300,ΑΣΠΡΟΠΥΡΓΟΣ,38.0609063,23.5910603,#N/A,
19400,ΚΟΡΩΠΙ KΑΡΕΛΛΑΣ,37.93511,23.8750935,#N/A,
19600,ΜΑΝΔΡΑ,38.0750425,23.5008508,#N/A,
20000,ΚΕΝΤΡΙΚΑ ΑΘ,0,0,#N/A,
20001,ΖΕΥΓΟΛΑΤΕΙΟ,37.9375856,22.8008984,#N/A,
20002,ΒΕΛΟ,37.9762148,22.759885,#N/A,
20003,ΑΓΙΟΙ ΘΕΟΔΩΡΟΙ,37.9282447,23.1433311,#N/A,
20004,ΣΟΦΙΚΟ,37.7937459,23.0535108,#N/A,
20005,ΑΘΙΚΙΑ,37.8195361,22.9250024,#N/A,
20006,ΒΡΑΧΑΤΙ,37.9578061,22.8039689,#N/A,
20007,ΑΡΧΑΙΑ ΚΟΡΙΝΘΟΣ,37.9071706,22.8814296,#N/A,
20008,ΧΙΛΙΟΜΟΔΙ,37.8116578,22.869699,#N/A,
20009,ΔΕΡΒΕΝΙ,38.1308863,22.4122809,#N/A,
20010,ΙΣΘΜΙΑ,37.9195435,23.0085259,#N/A,
20011,ΠΕΡΙΓΙΑΛΙ,37.9380499,22.836589,#N/A,
20012,ΛΥΚΟΠΟΡΙΑ,38.1284701,22.5067486,#N/A,
20013,ΕΛΛΗΝΙΚΟ,37.8889396,23.7435107,#N/A,
20014,ΓΚΟΥΡΑ,37.9326446,22.3407976,#N/A,
20015,ΣΟΥΛΙ,37.9863236,22.6429726,#N/A,
20016,ΚΑΛΙΑΝΟΙ,37.8890753,22.4947054,#N/A,
20017,ΚΛΗΜΕΝΤΙ,37.9597707,22.5635361,#N/A,
20100,ΚΟΡΙΝΘΟΣ,37.9386365,22.9322383,#N/A,
20200,ΚΙΑΤΟ,38.0126545,22.750171,#N/A,
20300,ΛΟΥΤΡΑΚΙ,37.9759033,22.9774589,#N/A,
20400,ΞΥΛΟΚΑΣΤΡΟ,38.0772641,22.6326975,#N/A,
20500,ΝΕΜΕΑ,37.82133,22.660998,#N/A,
21051,ΕΡΜΙΟΝΗ,37.3869672,23.2467688,#N/A,
21052,ΛΥΓΟΥΡΙΟ,37.6123892,23.0358834,#N/A,
21053,ΝΕΑ ΚΙΟΣ,37.5874845,22.7447696,#N/A,
21054,ΝΕΑ ΕΠΙΔΑΥΡΟΣ,37.6773111,23.127566,#N/A,
21055,ΑΓΙΑ ΤΡΙΑΔΑ ΑΡΓΟΛΙΔ.,37.6376898,22.8058101,#N/A,
21056,ΤΟΛΟ,37.5211752,22.8597536,#N/A,
21057,ΑΧΛΑΔΟΚΑΜΠΟΣ,37.5228216,22.5812802,#N/A,
21058,ΛΥΡΚΕΙΑ,37.7045797,22.5513765,#N/A,
21059,ΠΑΛΑΙΑ ΕΠΙΔΑΥΡΟΣ,37.6376123,23.1555059,#N/A,
21060,ΔΡΕΠΑΝΟ,37.5401889,22.8923689,#N/A,
21061,ΠΟΡΤΟΧΕΛΙ,37.6149034,23.3850787,#N/A,
21200,ΑΡΓΟΣ,37.6351721,22.7288576,#N/A,
21300,ΚΡΑΝΙΔΙ,37.3805109,23.1602123,#N/A,
22001,ΑΣΤΡΟΣ,37.402745,22.7234331,#N/A,
22002,ΛΕΒΙΔΙ,37.6820682,22.2956396,#N/A,
22003,ΛΑΓΚΑΔΙΑ,37.6818606,22.0300208,#N/A,
22004,ΚΑΝΔΗΛΑ,38.7056996,20.9479351,#N/A,
22005,ΝΕΣΤΑΝΗ,37.6139627,22.4658672,#N/A,
22006,ΑΓΙΟΣ ΑΝΔΡΕΑΣ,37.9684692,23.474001,#N/A,
22007,ΔΗΜΗΤΣΑΝΑ,37.5955677,22.0395213,#N/A,
22008,ΤΡΟΠΑΙΑ,37.7322838,21.9594427,#N/A,
22009,ΑΓΙΟΣ ΠΕΤΡΟΣ,37.327691,22.5465824,#N/A,
22010,ΒΥΤΙΝΑ,37.670162,22.1826654,#N/A,
22011,ΚΟΛΛΙΝΕΣ,37.2861462,22.3604781,#N/A,
22012,ΣΤΑΔΙΟ,37.4588673,22.4358865,#N/A,
22013,ΚΑΣΤΡΙ,37.3637033,22.5394401,#N/A,
22014,ΒΑΛΤΕΣΙΝΙΚΟ,37.7047702,22.0972691,#N/A,
22015,ΚΟΝΤΙΒΑΖΑΙΝΑ,37.796887,21.8997554,#N/A,
22016,ΒΛΑΧΟΚΕΡΑΣΕΑ,37.3680405,22.3773496,#N/A,
22017,ΔΑΡΑΣ,37.7946118,22.2561008,#N/A,
22018,ΕΛΑΙΟΧΩΡΙ,40.8207633,24.2429692,#N/A,
22019,ΠΑΡΑΛΙΟ ΑΣΤΡΟΣ,37.4152314,22.7647506,#N/A,
22020,ΚΟΣΜΑΣ,37.0926331,22.7403737,#N/A,
22021,ΛΕΟΝΤΑΡΙ,37.3210783,22.145225,#N/A,
22022,ΚΑΡΙΤΑΙΝΑ,37.4844743,22.0414258,#N/A,
22024,ΣΤΕΜΝΙΤΣΑ,37.5548799,22.0814056,#N/A,
22025,ΙΣΑΡΗΣ,37.3634513,22.0139248,#N/A,
22026,ΜΑΓΟΥΛΙΑΝΑ,37.6772012,22.1283049,#N/A,
22027,ΚΑΤΩ ΑΣΕΑ,37.4022514,22.2822055,#N/A,
22028,ΠΑΛΟΥΜΠΑ,37.620707,21.947292,#N/A,
22029,ΤΥΡΟΣ,37.2405869,22.8417068,#N/A,
22100,ΤΡΙΠΟΛΗ,37.5101357,22.372644,#N/A,
22200,ΜΕΓΑΛΟΠΟΛΗ,37.401244,22.1364871,#N/A,
22300,ΛΕΩΝΙΔΙ,37.1672767,22.8592838,#N/A,
23051,ΣΚΑΛΑ,36.8511423,22.6663306,#N/A,
23052,ΜΟΛΑΟΙ,36.8042572,22.855768,#N/A,
23053,ΝΕΑΠΟΛΗ ΛΑΚΩΝΙΑΣ,36.5135653,23.0554882,#N/A,
23054,ΞΗΡΟΚΑΜΠΙ,36.9593051,22.4522074,#N/A,
23055,ΒΛΑΧΙΩΤΗΣ,36.8619284,22.7073214,#N/A,
23056,ΠΑΠΑΔΙΑΝΙΚΑ,36.7155683,22.8593179,#N/A,
23057,ΚΡΟΚΕΕΣ,36.883077,22.5489792,#N/A,
23058,ΓΕΡΑΚΙ,36.9922548,22.7059132,#N/A,
23059,ΚΑΣΤΟΡΕΙΟ,37.1703356,22.304741,#N/A,
23060,ΝΙΑΤΑ,36.8993124,22.8440207,#N/A,
23061,ΑΓΙΟΣ ΝΙΚΟΛΑΟΣ ΛΑΚΩΝ,36.8305719,22.4407626,#N/A,
23062,ΑΡΕΟΠΟΛΗ,36.6660079,22.3805151,#N/A,
23063,ΠΥΡΓΟΣ ΔΙΡΟΥ,38.0162722,23.6986029,#N/A,
23064,ΣΕΛΑΣΙΑ,37.1670232,22.4171606,#N/A,
23065,ΓΕΩΡΓΙΤΣΙ,37.190757,22.2747469,#N/A,
23066,ΚΟΤΡΩΝΑΣ,36.6196563,22.4921332,#N/A,
23067,ΚΑΡΥΕΣ ΛΑΚΩΝΙΑΣ,37.290999,22.5007978,#N/A,
23068,ΡΕΙΧΕΑ,36.8460256,23.006022,#N/A,
23069,ΒΡΕΣΘΕΝΑ,37.2267881,22.4977153,#N/A,
23070,ΜΟΝΕΜΒΑΣΙΑ,36.6876016,23.056032,#N/A,
23071,ΓΕΡΟΛΙΜΕΝΑ,36.4770355,22.4051649,#N/A,
23200,ΓΥΘΕΙΟ,36.7602193,22.5655373,#N/A,
24001,ΠΥΛΟΣ,36.9130756,21.6963472,#N/A,
24002,ΜΕΛΙΓΑΛΑΣ,37.2245152,21.9699152,#N/A,
24003,ΚΟΠΑΝΑΚΙ,37.2887111,21.8181746,#N/A,
24004,ΚΟΡΩΝΗ,36.7960065,21.9583765,#N/A,
24005,ΠΕΤΑΛΙΔΙ,36.9586494,21.9270073,#N/A,
24006,ΜΕΘΩΝΗ,36.8199022,21.7063018,#N/A,
24007,ΑΡΦΑΡΑ,37.1560675,22.0444933,#N/A,
24008,ΔΙΑΒΟΛΙΤΣΙ,37.2994668,21.9690218,#N/A,
24009,ΘΟΥΡΙΑ,37.0834493,22.0486318,#N/A,
24010,ΛΟΓΓΑ,36.8688295,21.9071763,#N/A,
24011,ΔΩΡΙΟ,37.2875828,21.8563189,#N/A,
24012,ΑΡΙΣ,37.0999508,22.0058607,#N/A,
24013,ΑΝΔΡΟΥΣΑ,37.1101711,21.9432034,#N/A,
24014,ΧΑΤΖΗΣ,37.0173632,21.8276194,#N/A,
24015,ΑΡΙΣΤΟΜΕΝΗΣ,37.086497,21.839923,#N/A,
24016,ΚΑΜΠΟΣ,36.9379603,22.2028277,#N/A,
24017,ΑΕΤΟΣ,38.3011891,20.6647576,#N/A,
24018,ΨΑΡΙ,37.3277447,21.8873724,#N/A,
24019,ΟΙΧΑΛΙΑ,39.6071378,21.9814142,#N/A,
24020,ΑΛΑΓΟΝΙΑ,37.0457712,22.1180772,#N/A,
24021,ΣΙΔΗΡΟΚΑΣΤΡΟ ΜΕΣΣΗΝΙ,37.3387498,21.7719235,#N/A,
24022,ΚΑΡΔΑΜΥΛΗ,36.8870432,22.2329977,#N/A,
24023,ΠΛΑΤΣΑ,36.8050548,22.3184706,#N/A,
24024,ΑΓΙΟΣ ΝΙΚΟΛΑΟΣ ΜΕΣΣΗ,36.8242219,22.2811064,#N/A,
24100,ΚΑΛΑΜΑΤΑ,37.0422371,22.1141264,#N/A,
24101,ΚΑΛΑΜΑΤΑ,39.5548324,21.7636011,#N/A,
24300,ΦΙΛΙΑΤΡΑ,37.1573835,21.5855686,#N/A,
24400,ΓΑΡΓΑΛΙΑΝΟΙ,37.0654883,21.6379278,#N/A,
24500,ΚΥΠΑΡΙΣΣΙΑ,37.2512312,21.6694441,#N/A,
24600,ΧΩΡΑ,37.0510081,21.7155204,#N/A,
25001,ΚΑΛΑΒΡΥΤΑ,38.033281,22.1103462,#N/A,
25002,ΒΡΑΧΝΑΙΙΚΑ,38.1625093,21.6682269,#N/A,
25003,ΔΙΑΚΟΠΤΟ,38.1916601,22.1981606,#N/A,
25004,ΔΑΦΝΗ ΑΧΑΙΑΣ,37.8069108,22.0236488,#N/A,
25005,ΣΑΓΑΙΙΚΑ,38.1082352,21.4699365,#N/A,
25006,ΑΚΡΑΤΑ,38.1535213,22.3143775,#N/A,
25007,ΚΛΕΙΤΟΡΙΑ,37.8946941,22.1246492,#N/A,
25008,ΧΑΛΑΝΔΡΙΤΣΑ,38.1087967,21.7838411,#N/A,
25009,ΛΑΜΠΙΡΙ,38.3109975,21.9901467,#N/A,
25010,ΑΙΓΕΙΡΑ,38.1481953,22.3558193,#N/A,
25011,ΚΕΡΤΕΖΗ,37.979631,21.9938146,#N/A,
25012,ΛΙΒΑΡΤΖΙ,37.9251753,21.909842,#N/A,
25013,ΜΑΝΕΣΙ,39.5646008,21.7453452,#N/A,
25014,ΠΛΑΤΑΝΟΣ,38.5999412,21.7910513,#N/A,
25015,ΕΡΥΜΑΝΘΕΙΑ,37.9818717,21.725492,#N/A,
25016,ΑΡΟΑΝΙΑ,37.8847154,22.0124174,#N/A,
25017,ΚΕΡΠΙΝΗ,38.0811314,22.1075025,#N/A,
25018,ΒΙΟΜΗΧΑΝΙΚΗ ΠΕΡΙΟΧΗ ΠΑΤΡΩΝ,38.123293,21.6366017,#N/A,
25200,ΚΑΤΩ ΑΧΑΙΑ,38.143032,21.5520979,#N/A,
26221,ΠΑΤΡΑ,38.2478916,21.7361885,#N/A,
26222,ΠΑΤΡΑ,38.2397453,21.7307875,#N/A,
26224,ΠΑΤΡΑ,38.2371702,21.7364005,#N/A,
26225,ΠΑΤΡΑ,38.2426843,21.7370344,#N/A,
26226,ΠΑΤΡΑ,38.235549,21.7442426,#N/A,
26331,ΠΑΤΡΑ,38.2407373,21.7461882,#N/A,
26332,ΠΑΤΡΑ,38.2207737,21.7366312,#N/A,
26333,ΠΑΤΡΑ,38.2175263,21.7256609,#N/A,
26334,ΠΑΤΡΑ,38.223562,21.7456454,#N/A,
26335,ΠΑΤΡΑ,38.2237626,21.7549156,#N/A,
26444,ΠΑΤΡΑ,38.299428,21.7858071,#N/A,
26500,ΠΑΤΡΑ,38.1640464,21.8343074,#N/A,
26504,ΠΑΤΡΑ,38.2466395,21.734574,#N/A,
27050,ΒΑΡΘΟΛΟΜΙΟ,37.8611008,21.208014,#N/A,
27051,ΑΝΔΡΑΒΙΔΑ,37.9059166,21.2711341,#N/A,
27052,ΣΙΔΗΡΟΔΡΟΜΙΚΟΣ ΣΤΑΘΜΟΣ ΒΑΡΔΑΣ,38.0323193,21.3635265,#N/A,
27053,ΛΕΧΑΙΝΑ,37.9379524,21.2632559,#N/A,
27054,ΖΑΧΑΡΩ,37.4835293,21.6479439,#N/A,
27055,ΚΡΕΣΤΕΝΑ,37.5923591,21.6206833,#N/A,
27056,ΝΕΑ ΦΙΓΑΛΕΙΑ,37.4419057,21.7743449,#N/A,
27057,ΤΡΑΓΑΝΟ,37.8978165,21.3138403,#N/A,
27058,ΕΠΙΤΑΛΙΟ,37.6273953,21.4939617,#N/A,
27059,ΧΑΒΑΡΙ,37.8471205,21.3833543,#N/A,
27060,ΠΕΛΟΠΙΟ,37.6753305,21.5926702,#N/A,
27061,ΑΝΔΡΙΤΣΑΙΝΑ,37.4841013,21.9056318,#N/A,
27062,ΚΑΛΛΙΘΕΑ,37.5515625,21.8197507,#N/A,
27063,ΛΑΜΠΕΙΑ,37.8583554,21.806953,#N/A,
27064,ΚΑΡΑΤΟΥΛΑ,37.75,21.616667,#N/A,
27065,ΑΡΧΑΙΑ ΟΛΥΜΠΙΑ,37.64466,21.6254797,#N/A,
27066,ΛΑΛΑΣ,37.7104364,21.7194882,#N/A,
27067,ΚΑΤΑΚΟΛΟ,37.6463089,21.3171307,#N/A,
27068,ΚΥΛΛΗΝΗ,37.9346907,21.1449975,#N/A,
27069,ΕΦΥΡΑ,37.8554452,21.5162456,#N/A,
27100,ΠΥΡΓΟΣ,37.6718487,21.4432257,#N/A,
27200,ΑΜΑΛΙΑΔΑ,37.7967917,21.3507581,#N/A,
27300,ΓΑΣΤΟΥΝΗ,37.8509191,21.2543651,#N/A,
28080,ΣΑΜΗ,38.2514148,20.6471688,#N/A,
28081,ΑΓΙΑ ΕΥΦΗΜΙΑ,38.3030736,20.5978064,#N/A,
28082,ΧΙΟΝΑΤΑ,38.0798971,20.7269517,#N/A,
28083,ΚΕΡΑΜΕΙΕΣ,38.1201031,20.558942,#N/A,
28084,ΦΙΣΚΑΡΔΟ,38.458166,20.5769802,#N/A,
28085,ΒΑΣΙΛΙΚΙΑΔΕΣ,38.41224,20.561741,#N/A,
28086,ΠΟΡΟΣ,38.1539645,20.7712844,#N/A,
28100,ΑΡΓΟΣΤΟΛΙ,38.1731682,20.4899734,#N/A,
28200,ΛΗΞΟΥΡΙ,38.2022209,20.4369672,#N/A,
28300,ΙΘΑΚΗ,38.3691981,20.6983292,#N/A,
28301,ΣΤΑΥΡΟΣ ΙΘΑΚΗΣ,38.4459161,20.6464745,#N/A,
29090,ΚΑΤΑΣΤΑΡΙ,37.8301389,20.7569344,#N/A,
29091,ΒΟΛΙΜΕΣ,37.8745877,20.6581921,#N/A,
29092,ΜΑΧΑΙΡΑΔΟ,37.7579086,20.8102617,#N/A,
29100,ΖΑΚΥΝΘΟΣ,37.7881604,20.8988271,#N/A,
30000,ΚΕΝΤΡΙΚΑ ΘΕΣΣΑΛΟΝΙΚΗ,40.6010538,22.9601416,#N/A,
30001,ΝΕΟΧΩΡΙ,38.4086356,21.2745366,#N/A,
30002,ΒΟΝΙΤΣΑ,38.9190379,20.8889257,#N/A,
30003,ΠΑΝΑΙΤΩΛΙΟ,38.582529,21.4467686,#N/A,
30004,ΚΑΤΟΥΝΑ,38.7853285,21.1166701,#N/A,
30005,ΚΑΙΝΟΥΡΓΙΟ,38.6038463,21.4823267,#N/A,
30006,ΑΣΤΑΚΟΣ,38.5357192,21.0820678,#N/A,
30007,ΚΑΤΟΧΗ,38.4121672,21.2538707,#N/A,
30008,ΘΕΡΜΟ,38.570854,21.6669866,#N/A,
30009,ΦΥΤΕΙΕΣ,38.7201739,21.2129616,#N/A,
30010,ΠΑΡΑΒΟΛΑ,38.6136956,21.5203016,#N/A,
30011,ΜΑΤΑΡΑΓΚΑ,38.5249807,21.4741383,#N/A,
30012,ΠΑΛΑΙΡΟΣ,38.7834023,20.8827176,#N/A,
30013,ΜΟΝΑΣΤΗΡΑΚΙ,37.9764602,23.7237,#N/A,
30014,ΕΥΗΝΟΧΩΡΙ,38.359594,21.5364941,#N/A,
30015,ΓΑΒΑΛΟΥ,38.5283216,21.5321353,#N/A,
30016,ΜΕΝΙΔΙ ΑΙΤΩΛ/ΝΙΑΣ,39.0423663,21.1184616,#N/A,
30017,ΕΜΠΕΣΟΣ,39.0234046,21.3212072,#N/A,
30018,ΑΜΟΡΓΙΑΝΟΙ,38.8663945,21.3486,#N/A,
30019,ΜΥΤΙΚΑΣ,38.6676093,20.944772,#N/A,
30020,ΑΝΤΙΡΡΙΟ,38.3303237,21.7642046,#N/A,
30021,ΑΓΙΟΣ ΒΛΑΣΙΟΣ,38.810466,21.5119384,#N/A,
30022,ΠΛΑΤΑΝΟΣ,38.5999412,21.7910513,#N/A,
30023,ΑΝΩ ΧΩΡΑ,38.5908346,21.9241885,#N/A,
30024,ΤΕΡΨΙΘΕΑ,39.618598,22.4282175,#N/A,
30025,ΚΛΕΠΑ,38.6806737,21.8985874,#N/A,
30026,ΣΙΜΟΣ,38.5352879,21.8182796,#N/A,
30027,ΑΓΙΟΣ ΚΩΝΣΤΑΝΤΙΝΟΣ,38.6346145,21.397204,#N/A,
30100,ΑΓΡΙΝΙΟ,38.6244719,21.4095934,#N/A,
30214,ΕΥΗΝΟΧΩΡΙ,38.359594,21.5364941,#N/A,
30300,ΝΑΥΠΑΚΤΟΣ,38.3929775,21.8348729,#N/A,
30400,ΑΙΤΩΛΙΚΟ,38.4364709,21.3539518,#N/A,
30500,ΑΜΦΙΛΟΧΙΑ,38.8632567,21.1666182,#N/A,
31080,ΚΑΡΥΑ,38.758225,20.6490894,#N/A,
31081,ΚΑΛΑΜΟΣ,38.6215137,20.9309628,#N/A,
31082,ΒΑΣΙΛΙΚΗ,38.6287203,20.6090484,#N/A,
31083,ΒΑΘΥ,38.6627109,20.7853709,#N/A,
31084,ΝΥΔΡΙ,38.7099952,20.7141164,#N/A,
31100,ΛΕΥΚΑΔΑ,38.8333663,20.7069108,#N/A,
32001,ΑΛΙΑΡΤΟΣ,38.3741418,23.1060007,#N/A,
32002,ΒΑΓΙΑ,38.3187187,23.1803721,#N/A,
32003,ΠΑΡΑΛΙΑ ΔΙΣΤΟΜΟΥ,40.2689881,22.5200417,#N/A,
32004,ΑΡΑΧΩΒΑ,38.4800003,22.5843667,#N/A,
32005,ΔΙΣΤΟΜΟ,38.4298138,22.6668104,#N/A,
32006,ΚΥΡΙΑΚΙ,38.3541519,22.7869993,#N/A,
32007,ΑΓΙΟΣ ΓΕΩΡΓΙΟΣ ΒΟΙΩΤ,38.3945,22.93045,#N/A,
32008,ΔΑΥΛΕΙΑ,38.5149847,22.733232,#N/A,
32009,ΣΧΗΜΑΤΑΡΙ,38.3458229,23.5822611,#N/A,
32010,ΔΟΜΒΡΑΙΝΑ,38.2528595,22.9822252,#N/A,
32011,ΟΙΝΟΦΥΤΑ,38.3080648,23.6391172,#N/A,
32012,ΑΝΤΙΚΥΡΑ,38.3784648,22.6305728,#N/A,
32100,ΛΙΒΑΔΕΙΑ,38.4554672,22.8825938,#N/A,
32300,ΟΡΧΟΜΕΝΟΣ,38.4933701,22.979854,#N/A,
33050,ΔΕΣΦΙΝΑ,38.4189106,22.5278295,#N/A,
33051,ΠΟΛΥΔΡΟΣΟΣ,38.6403844,22.5317205,#N/A,
33052,ΓΑΛΑΞΙΔΙ,38.3772936,22.3832495,#N/A,
33053,ΛΙΔΟΡΙΚΙ,38.5274257,22.2033742,#N/A,
33054,ΔΕΛΦΟΙ,38.4800567,22.4940617,#N/A,
33055,ΧΡΥΣΟ ΦΩΚΙΔΑΣ,38.4753859,22.4689446,#N/A,
33056,ΕΥΠΑΛΙΟ,38.4180962,21.9270983,#N/A,
33057,ΓΡΑΒΙΑ,38.6713531,22.4311489,#N/A,
33058,ΕΡΑΤΕΙΝΗ,38.3606662,22.2286565,#N/A,
33059,ΑΡΤΟΤΙΝΑ,38.6994265,22.0362581,#N/A,
33060,ΠΟΤΙΔΑΝΙΑ,38.4887798,22.0556479,#N/A,
33061,ΚΡΟΚΥΛΕΙΟ,38.5490205,22.0600097,#N/A,
33062,ΠΕΝΤΑΓΙΟΙ,38.5917653,22.0541514,#N/A,
33063,ΜΑΥΡΟΛΙΘΑΡΙ,38.7292632,22.2315507,#N/A,
33100,ΑΜΦΙΣΣΑ,38.5276679,22.3781527,#N/A,
33200,ΙΤΕΑ ΦΩΚΙΔΑΣ,38.4324927,22.4259628,#N/A,
34001,ΚΑΡΥΣΤΟΣ,38.013999,24.4198995,#N/A,
34002,ΒΑΣΙΛΙΚΟ,39.1820006,23.9563075,#N/A,
34003,ΚΥΜΗ,38.636131,24.1027745,#N/A,
34004,ΜΑΝΤΟΥΔΙ,38.7991058,23.4796423,#N/A,
34005,ΛΙΜΝΗ,38.7656554,23.3180124,#N/A,
34006,ΑΜΑΡΥΝΘΟΣ,38.3933284,23.8865331,#N/A,
34007,ΣΚΥΡΟΣ,38.9067554,24.5657835,#N/A,
34008,ΕΡΕΤΡΙΑ,38.3927202,23.7930669,#N/A,
34009,ΑΥΛΩΝΑΡΙ,38.5030873,24.1217553,#N/A,
34010,ΑΓΙΑ ΑΝΝΑ,38.8596081,23.3998533,#N/A,
34011,ΟΞΥΛΙΘΟΣ,38.5794778,24.1120805,#N/A,
34012,ΩΡΕΟΙ,38.9507249,23.0927655,#N/A,
34013,ΜΑΡΜΑΡΙ,38.0491517,24.3217397,#N/A,
34014,ΣΤΕΝΗ ΔΙΡΦΥΟΣ,38.581347,23.8379926,#N/A,
34015,ΣΤΥΡΑ,38.1558335,24.2418252,#N/A,
34016,ΚΟΝΙΣΤΡΕΣ,38.5727235,24.061109,#N/A,
34017,ΚΡΙΕΖΑ,38.398894,24.1349699,#N/A,
34018,ΚΑΘΕΝΟΙ,38.5413688,23.7806441,#N/A,
34019,ΚΑΛΗΜΕΡΙΑΝΟΙ,38.6173958,24.0904591,#N/A,
34100,ΧΑΛΚΙΔΑ ΒΑΘΥ ΑΥΛΙΔ,38.4056496,23.6019042,#N/A,
34200,ΙΣΤΙΑΙΑ,38.9528547,23.1527142,#N/A,
34300,ΛΟΥΤΡΑ ΑΙΔΗΨΟΥ,38.8591927,23.045529,#N/A,
34400,ΨΑΧΝΑ,38.5774849,23.6417373,#N/A,
34500,ΑΛΙΒΕΡΙ,38.4092722,24.0400763,#N/A,
34600,ΝΕΑ ΑΡΤΑΚΗ,38.5176199,23.6354576,#N/A,
35001,ΜΑΛΕΣΙΝΑ,38.6226736,23.2352639,#N/A,
35002,ΑΜΦΙΚΛΕΙΑ,38.6390583,22.5927946,#N/A,
35003,ΣΠΕΡΧΕΙΑΔΑ,38.9075721,22.1273254,#N/A,
35004,ΕΛΑΤΕΙΑ,38.6276904,22.7650721,#N/A,
35005,ΜΑΡΤΙΝΟ,38.5687687,23.2138172,#N/A,
35006,ΑΓΙΟΣ ΚΩΝΣΤΑΝΤΙΝΟΣ,38.7574323,22.856209,#N/A,
35007,ΛΙΒΑΝΑΤΕΣ,38.7114946,23.0506735,#N/A,
35008,ΚΑΜ. ΒΟΥΡΛΑ,38.776025,22.7813611,#N/A,
35009,ΜΩΛΟΣ,38.808984,22.6461855,#N/A,
35010,ΔΟΜΟΚΟΣ,39.1288319,22.2984478,#N/A,
35011,ΜΑΚΡΑΚΩΜΗ,38.9415711,22.1153635,#N/A,
35012,ΛΑΡΥΜΝΑ,38.5658197,23.284911,#N/A,
35013,ΠΕΛΑΣΓΙΑ,38.9485485,22.8400018,#N/A,
35014,ΑΝΘΗΛΗ,38.8500883,22.4782525,#N/A,
35015,ΚΑΤΩ ΤΙΘΟΡΕΑ,38.6079741,22.7133309,#N/A,
35016,ΥΠΑΤΗ,38.871624,22.2413653,#N/A,
35017,ΑΓΙΟΣ ΓΕΩΡΓΙΟΣ ΦΘΙΩΤ,38.9469281,21.9577917,#N/A,
35018,ΓΑΡΔΙΚΙ,39.5397312,21.2566674,#N/A,
35100,ΛΑΜΙΑ,38.8959734,22.4349003,#N/A,
35200,ΑΤΑΛΑΝΤΗ,38.6528663,22.998361,#N/A,
35300,ΣΤΥΛΙΔΑ,38.9124852,22.6161759,#N/A,
36070,ΡΑΠΤΟΠΟΥΛΟ,39.1489656,21.4801818,#N/A,
36071,ΚΕΑΣΟΧΩΡΙ,39.0054084,21.6386381,#N/A,
36072,ΓΡΑΝΙΤΣΑ,39.101254,21.5112341,#N/A,
36073,ΑΓΡΑΦΑ,39.1374707,21.64942,#N/A,
36074,ΠΡΟΥΣΟΣ,38.7445499,21.6533763,#N/A,
36075,ΜΕΓΑΛΟ ΧΩΡΙΟ,38.8268792,21.7423106,#N/A,
36076,ΚΡΙΚΕΛΛΟ,38.7961735,21.8528796,#N/A,
36080,ΦΟΥΡΝΑ,39.0603613,21.8763763,#N/A,
36081,ΑΓΙΑ ΤΡΙΑΔΑ ΕΥΡΥΤ.,38.9879614,21.8203126,#N/A,
37001,ΖΑΓΟΡΑ,39.4416384,23.1028193,#N/A,
37002,ΣΚΙΑΘΟΣ,39.1626627,23.4909759,#N/A,
37003,ΣΚΟΠΕΛΟΣ,39.1223106,23.7281233,#N/A,
37004,ΓΛΩΣΣΑ,36.9664167,21.6595581,#N/A,
37005,ΑΛΟΝΝΗΣΟΣ,39.1496707,23.8438543,#N/A,
37006,ΑΡΓΑΛΑΣΤΗ,39.2259226,23.2195437,#N/A,
37007,ΠΤΕΛΕΟΣ,39.0515326,22.9527158,#N/A,
37008,ΣΟΥΡΠΗ,39.1035523,22.8977818,#N/A,
37009,ΤΡΙΚΕΡΙ,39.1002506,23.0771373,#N/A,
37010,ΜΗΛΙΕΣ,39.3280792,23.1506217,#N/A,
37011,ΠΟΡΤΑΡΙΑ,39.3897164,22.9982253,#N/A,
37012,ΤΣΑΓΚΑΡΑΔΑ,39.3876414,23.174311,#N/A,
37013,ΜΗΛΙΝΑ,39.1711081,23.2211062,#N/A,
37100,ΑΛΜΥΡΟΣ,39.1823187,22.7588102,#N/A,
37200,ΑΓΙΟΣ ΓΕΩΡΓΙΟΣ ΙΩΛΚΟ,38.0592225,23.7153645,#N/A,
37300,ΑΓΡΙΑ,39.3408388,23.0126047,#N/A,
37400,ΝΕΑ ΑΓΧΙΑΛΟΣ,39.2759274,22.818555,#N/A,
37500,ΒΕΛΕΣΤΙΝΟ,39.3809141,22.7451966,#N/A,
38001,ΒΟΛΟΣ,39.3621896,22.942159,#N/A,
38002,ΝΕΑ ΙΩΝΙΑ,35.3279622,25.1341336,#N/A,
38003,ΒΟΛΟΣ,39.3621896,22.942159,#N/A,
38221,ΒΟΛΟΣ,39.3635451,22.9509289,#N/A,
38222,ΒΟΛΟΣ,39.3532761,22.9617457,#N/A,
38300,ΒΟΛΟΣ,39.3621896,22.942159,#N/A,
38322,ΒΟΛΟΣ,39.3621896,22.942159,#N/A,
38331,ΒΟΛΟΣ,39.3621896,22.942159,#N/A,
38333,ΒΟΛΟΣ,39.367557,22.9463704,#N/A,
38334,ΒΟΛΟΣ,39.3621896,22.942159,#N/A,
38445,ΝΕΑ ΙΩΝΙΑ ΒΟΛΟΣ,39.3775891,22.9148168,#N/A,
38446,ΒΟΛΟΣ,39.3729194,22.9366914,#N/A,
38500,ΒΟΛΟΣ,39.3621896,22.942159,#N/A,
40001,ΚΡΑΝΕΑ,39.9436306,21.9671441,#N/A,
40002,ΛΙΒΑΔΙ,40.1269757,22.1577741,#N/A,
40003,ΑΓΙΑ,39.7190695,22.7586904,#N/A,
40004,ΓΟΝΝΟΙ,39.8610781,22.4761804,#N/A,
40005,ΒΕΡΔΙΚΟΥΣΙΑ,39.7813727,21.9767941,#N/A,
40006,ΣΥΚΟΥΡΙ,39.757536,22.5797557,#N/A,
40007,ΠΥΡΓΕΤΟΣ,39.9179113,22.595535,#N/A,
40008,ΡΑΨΑΝΗ,39.9019286,22.5478028,#N/A,
40009,ΠΛΑΤΥΚΑΜΠΟΣ,39.621161,22.5355949,#N/A,
40010,ΤΣΑΡΙΤΣΑΝΗ,39.881138,22.2266198,#N/A,
40011,ΦΑΛΑΝΗ,39.6476784,22.4160111,#N/A,
40100,ΤΥΡΝΑΒΟΣ,39.7391103,22.2880325,#N/A,
40200,ΕΛΑΣΣΟΝΑ,39.8949802,22.1890872,#N/A,
40300,ΦΑΡΣΑΛΑ,39.295635,22.384495,#N/A,
40400,ΑΜΠΕΛΩΝΑΣ,39.7451063,22.3615771,#N/A,
41001,ΛΑΡΙΣΑ,39.6390224,22.4191254,#N/A,
41336,ΛΑΡΙΣΑ,39.6430541,22.4470275,#N/A,
41447,ΛΑΡΙΣΑ,39.643729,22.4171512,#N/A,
41500,ΛΑΡΙΣΑ,39.5524047,22.4303582,#N/A,
42030,ΜΕΓΑΛΑ ΚΑΛΥΒΙΑ,39.5015877,21.7884812,#N/A,
42031,ΦΑΡΚΑΔΩΝΑ,39.5931322,22.0668864,#N/A,
42032,ΠΥΛΗ,39.45978,21.6225718,#N/A,
42033,ΜΥΡΟΦΥΛΛΟ,39.3673591,21.3253246,#N/A,
42034,ΑΓΙΟΦΥΛΛΟ,39.8637939,21.5610524,#N/A,
42035,ΚΟΝΙΣΚΟΣ,39.7796796,21.8001025,#N/A,
42036,ΚΑΣΤΑΝΕΑ,40.1880963,20.8399025,#N/A,
42037,ΜΕΣΟΧΩΡΑ,39.4741582,21.3247976,#N/A,
42100,ΤΡΙΚΑΛΑ,39.5557317,21.7678951,#N/A,
42200,ΚΑΛΑΜΠΑΚΑ,39.706618,21.6288728,#N/A,
42300,ΝΕΟΧΩΡΙ,39.6071378,21.9814142,#N/A,
43060,ΜΟΥΖΑΚΙ,39.4305733,21.6627892,#N/A,
43061,ΑΓΝΑΝΤΕΡΟ,39.4848287,21.8470758,#N/A,
43062,ΙΤΕΑ ΚΑΡΔΙΤΣΑΣ,39.4583727,22.1655493,#N/A,
43063,ΛΕΟΝΤΑΡΙ ΚΑΡΔΙΤΣΑΣ,39.1809963,22.131348,#N/A,
43064,ΦΑΝΑΡΙ,35.3631486,24.4711894,#N/A,
43065,ΑΝΘΗΡΟ,39.3473795,21.4590613,#N/A,
43066,ΒΡΑΓΚΙΑΝΑ,39.2408009,21.4322687,#N/A,
43067,ΜΕΣΕΝΙΚΟΛΑΣ,39.3429768,21.7595722,#N/A,
43068,ΡΕΝΤΙΝΑ,39.0639341,21.9789665,#N/A,
43069,ΠΕΤΡΙΛΟ,39.2715448,21.5969748,#N/A,
43070,ΠΡΟΑΣΤΙΟ,39.4876619,21.903406,#N/A,
43100,ΚΑΡΔΙΤΣΑ,39.3640258,21.9214049,#N/A,
43200,ΠΑΛΑΜΑΣ,39.4690329,22.082317,#N/A,
43300,ΣΟΦΑΔΕΣ,39.3359337,22.0916414,#N/A,
44001,ΠΡΑΜΑΝΤΑ,39.5228398,21.1044466,#N/A,
44002,ΔΕΛΒΙΝΑΚΙ,39.9339652,20.4654499,#N/A,
44003,ΖΙΤΣΑ,39.7546039,20.6494822,#N/A,
44004,ΔΟΛΙΑΝΑ,39.9028375,20.5784377,#N/A,
44005,ΠΩΓΩΝΙΑΝΗ,40.0037401,20.422766,#N/A,
44006,ΚΕΦΑΛΟΒΡΥΣΟ,40.0139525,20.5590173,#N/A,
44007,ΑΣΠΡΑΓΓΕΛΟΙ,39.8236368,20.7283764,#N/A,
44008,ΑΓΙΑ ΠΑΡΑΣΚΕΥΗ ΙΩΑ ΝΕΑ,38.0348416,23.7639424,#N/A,
44009,ΔΕΡΒΙΖΙΑΝΑ,39.4008467,20.7821262,#N/A,
44010,ΤΣΕΠΕΛΟΒΟ,39.9046298,20.8184324,#N/A,
44012,ΒΗΣΣΑΝΗ,39.9460866,20.5332893,#N/A,
44013,ΚΑΛΕΝΤΖΙ,39.4903768,20.9773467,#N/A,
44014,ΓΡΕΒΕΝΙΤΙΟ,39.8069352,21.0045436,#N/A,
44015,ΠΥΡΣΟΓΙΑΝΝΗ,40.2123324,20.8105846,#N/A,
44016,ΑΡΙΣΤΗ,39.9339539,20.6720747,#N/A,
44017,ΒΡΟΣΙΝΑ,39.6460343,20.5167403,#N/A,
44018,ΚΗΠΟΙ,39.8642073,20.792365,#N/A,
44019,ΠΑΛΑΙΟΣΕΛΙ,40.2709391,22.5056166,#N/A,
44020,ΜΟΛΙΣΤΑ,40.1257207,20.8143647,#N/A,
44100,ΚΟΝΙΤΣΑ,40.0480719,20.7528378,#N/A,
44200,ΜΕΤΣΟΒΟ,39.7702467,21.1828612,#N/A,
45110,ΠΑΝΕΠΙΣΤΗΜΙΟ ΙΩΑΝΝΙΝ,39.6255013,20.8387845,#N/A,
45221,ΙΩΑΝΝΙΝΑ,39.6650288,20.8537466,#N/A,
45332,ΙΩΑΝΝΙΝΑ,39.6650134,20.8518098,#N/A,
45333,ΙΩΑΝΝΙΝΑ,39.670496,20.8433832,#N/A,
45444,ΙΩΑΝΝΙΝΑ,39.6684968,20.8530123,#N/A,
45445,ΙΩΑΝΝΙΝΑ,39.6650288,20.8537466,#N/A,
45500,ΙΩΑΝΝΙΝΑ,39.6650288,20.8537466,#N/A,
46030,ΜΑΡΓΑΡΙΤΙ,39.3569163,20.439392,#N/A,
46031,ΓΛΥΚΗ,39.3270613,20.6066054,#N/A,
46032,ΑΓΙΟΙ ΠΑΝΤΕΣ,38.2845474,23.9224459,#N/A,
46033,ΚΕΡΑΜΙΤΣΑ,39.6693309,20.4309751,#N/A,
46200,ΠΑΡΑΜΥΘΙΑ,39.4632468,20.5139853,#N/A,
46300,ΦΙΛΙΑΤΕΣ,39.6003316,20.3077691,#N/A,
47040,ΚΟΜΠΟΤΙ,39.1020713,21.0837161,#N/A,
47041,ΝΕΟΧΩΡΙ ΑΡΤΑΣ,39.0706371,21.0184095,#N/A,
47042,ΦΙΛΟΘΕΗ,39.1527258,20.9222988,#N/A,
47043,ΑΓΝΑΝΤΑ,39.4739905,21.0809486,#N/A,
47044,ΑΝΩ ΚΑΛΕΝΤΙΝΗ,39.2476884,21.1614231,#N/A,
47045,ΒΟΥΡΓΑΡΕΛΙ,39.3710628,21.1837258,#N/A,
47046,ΡΟΔΑΥΓΗ,39.325412,20.9984854,#N/A,
47047,ΜΗΛΙΑΝΑ,39.2694952,21.3394306,#N/A,
47048,ΔΗΜΑΡΙ,39.1518738,21.1545079,#N/A,
47100,ΑΡΤΑ,39.1582421,20.9876839,#N/A,
47200,ΠΕΤΑ,39.1666357,21.0355232,#N/A,
48060,ΠΑΡΓΑ,39.2853344,20.4005005,#N/A,
48061,ΛΟΥΡΟΣ,39.162045,20.7509566,#N/A,
48062,ΚΑΝΑΛΛΑΚΙ,39.2339584,20.6002107,#N/A,
48200,ΦΙΛΙΠΠΙΑΔΑ,39.2076669,20.8809509,#N/A,
48300,ΘΕΣΠΡΩΤΙΚΟ,39.2528591,20.7842904,#N/A,
49080,ΛΕΥΚΙΜΜΗ,39.42309,20.0718612,#N/A,
49081,ΚΑΡΟΥΣΑΔΕΣ,39.7804082,19.7449055,#N/A,
49082,ΓΑΙΟΣ,39.1973712,20.1851948,#N/A,
49083,ΣΚΡΙΠΕΡΟ,39.7002616,19.7745528,#N/A,
49084,ΚΑΣΤΕΛΛΑΝΟΙ,39.5680167,19.8656346,#N/A,
49100,ΚΕΡΚΥΡΑ,39.6249838,19.9223461,#N/A,
50001,ΝΕΑΠΟΛΗ,40.3130857,21.3868617,#N/A,
50002,ΤΣΟΤΙΛΙ,40.262269,21.3246864,#N/A,
50003,ΕΡΑΤΥΡΑ,40.3418956,21.5118754,#N/A,
50004,ΑΙΑΝΗΣ,40.2924895,21.7848705,#N/A,
50005,ΕΜΠΟΡΙΟ,40.4888435,21.558076,#N/A,
50006,ΠΥΡΓΟΙ,40.6693131,21.833798,#N/A,
50007,ΠΕΝΤΑΛΟΦΟΣ,40.1933891,21.1408485,#N/A,
50008,ΑΥΓΕΡΙΝΟΣ,40.2399189,21.1636006,#N/A,
50009,ΒΛΑΣΤΗ,40.4536126,21.5242323,#N/A,
50010,ΚΡΟΚΟΣ,40.2642309,21.8162626,#N/A,
50100,ΚΟΖΑΝΗ,40.3005808,21.7898132,#N/A,
50300,ΣΙΑΤΙΣΤΑ,40.2593571,21.5498752,#N/A,
50400,ΒΕΛΒΕΝΤΟΣ,40.2545476,22.0742782,#N/A,
50500,ΣΕΡΒΙΑ,40.1858788,22.002802,#N/A,
51030,ΑΓΙΟΣ ΓΕΩΡΓΙΟΣ ΓΡΕΒΕ,40.1961379,21.4087583,#N/A,
51031,ΚΗΠΟΥΡΕΙΟ,39.9524958,21.3626121,#N/A,
51032,ΠΟΛΥΝΕΡΙ,40.0491665,21.2035061,#N/A,
51200,ΔΕΣΚΑΤΗ,39.9257032,21.8101429,#N/A,
52050,ΜΕΣΟΠΟΤΑΜΙΑ,40.5042923,21.1592873,#N/A,
52051,ΝΕΣΤΟΡΙΟ,40.417311,21.0565269,#N/A,
52052,ΚΟΡΗΣΟΣ,40.5040992,21.376499,#N/A,
52053,ΒΟΓΑΤΣΙΚΟ,40.4139505,21.3799369,#N/A,
52054,ΚΛΕΙΣΟΥΡΑ,40.5356805,21.4692186,#N/A,
52055,ΜΑΚΡΟΧΩΡΙ,40.6717447,21.262044,#N/A,
52056,ΜΑΥΡΟΧΩΡΙ,40.5123692,21.3212608,#N/A,
52057,ΔΙΣΠΗΛΙΟ,40.4815615,21.287382,#N/A,
52058,ΑΚΡΙΤΕΣ,40.472505,20.9864294,#N/A,
52059,ΒΙΤΣΙ,40.6032699,21.3202736,#N/A,
52200,ΑΡΓΟΣ ΟΡΕΣΤΙΚΟ,40.4527427,21.2587379,#N/A,
53070,ΦΙΛΩΤΑΣ,40.6240689,21.7064841,#N/A,
53071,ΜΕΛΙΤΗ,40.8340111,21.5845837,#N/A,
53072,ΞΙΝΟ ΝΕΡΟ,40.6902433,21.6226189,#N/A,
53073,ΛΕΧΟΒΟ,40.5843775,21.4901672,#N/A,
53074,ΒΕΥΗ,40.7668788,21.6145883,#N/A,
53075,ΣΚΛΗΘΡΟ,40.6216974,21.50457,#N/A,
53076,ΑΝΤΑΡΤΙΚΟ,40.7584718,21.2066291,#N/A,
53077,ΑΓΙΟΣ ΓΕΡΜΑΝΟΣ,40.839882,21.1594862,#N/A,
53078,ΝΥΜΦΑΙΟ,40.6443596,21.4943237,#N/A,
53200,ΑΜΥΝΤΑΙΟ,40.6905178,21.6797432,#N/A,
53438,ΑΓΙΟΣ ΠΑΥΛΟΣ,40.330494,23.0419853,#N/A,
53533,ΠΟΛΙΧΝΗ,40.6713936,22.9392099,#N/A,
54124,ΦΙΛΙΚΗΣ ΕΤΑΙΡΕΙΑΣ,38.0185105,23.9164757,#N/A,
54250,ΘΕΣΣΑΛΟΝΙΚΗ,40.6021257,22.9727602,#N/A,
54252,ΘΕΣΣΑΛΟΝΙΚΗ,41.0267206,21.3259447,#N/A,
54500,ΠΕΝΤΑΛΟΦΟΣ ΠΕΤΡΩΤΟ ΘΕΣΣΑΛΟΝΙΚΗΣ,40.814428,22.8683235,#N/A,
54625,ΘΕΣΣΑΛΟΝΙΚΗ,40.6358912,22.9372038,#N/A,
54626,ΘΕΣΣΑΛΟΝΙΚΗ,40.6372735,22.9353009,#N/A,
54627,ΘΕΣΣΑΛΟΝΙΚΗ,40.6442313,22.9190152,#N/A,
54628,ΘΕΣΣΑΛΟΝΙΚΗ,40.6545294,22.9067883,#N/A,
54629,ΘΕΣΣΑΛΟΝΙΚΗ,40.6433635,22.9339563,#N/A,
54630,ΘΕΣΣΑΛΟΝΙΚΗ,40.6411033,22.9388444,#N/A,
54634,ΘΕΣΣΑΛΟΝΙΚΗ,40.6376556,22.9543476,#N/A,
54646,ΘΕΣΣΑΛΟΝΙΚΗ,40.5978118,22.9543042,#N/A,
55437,ΑΓΙΑ ΠΑΥΛΟΣ,40.330494,23.0419853,#N/A,
55438,ΑΓΙΟΣ ΠΑΥΛΟΣ,40.6389975,22.9622564,#N/A,
55536,ΠΥΛΑΙΑ,40.6027503,22.9896482,#N/A,
56121,ΑΜΠΕΛΟΚΗΠΟΙ,40.6553327,22.9215029,#N/A,
56122,ΜΕΝΕΜΕΝΗ,40.6574875,22.9115173,#N/A,
56123,ΑΜΠΕΛΟΚΗΠΟΙ,40.6541997,22.9293738,#N/A,
56224,ΕΥΟΣΜΟ,40.6670356,22.9104918,#N/A,
56225,ΕΥΟΣΜΟΣ,40.6661376,22.9037753,#N/A,
56226,ΕΥΟΣΜΟΣ,40.6661376,22.9037753,#N/A,
56238,ΕΥΟΣΜΟΣ,40.6661376,22.9037753,#N/A,
56334,ΕΛΕΥΘΕΡΙΟ,40.6675252,22.8969778,#N/A,
56335,ΠΟΛΙΧΝΗ,40.6713936,22.9392099,#N/A,
56430,ΣΤΑΥΡΟΥΠΟΛΗ,40.6664679,22.9347302,#N/A,
56431,ΕΥΟΣΜΟ,40.6709768,22.9276937,#N/A,
56436,ΣΤΑΥΡΟΥΠΟΛΗ,40.6644938,22.936658,#N/A,
56437,ΣΤΑΥΡΟΥΠΟΛΗ,40.6644938,22.936658,#N/A,
56438,ΕΥΟΣΜΟΣ,40.6661376,22.9037753,#N/A,
56532,ΠΟΛΙΧΝΗ,40.6595291,22.955619,#N/A,
56533,ΠΟΛΙΧΝΗ,40.6618023,22.9466631,#N/A,
56626,ΣΥΚΙΕΣ,40.6525466,22.953215,#N/A,
56727,ΝΕΑΠΟΛΗ,40.6537176,22.9370206,#N/A,
56728,ΝΕΑΠΟΛΗ,40.6518675,22.9451596,#N/A,
57001,ΘΕΡΜΗ,40.5485201,23.019646,#N/A,
57002,ΣΟΧΟΣ,40.8181832,23.3566418,#N/A,
57003,ΑΓΙΟΣ ΑΘΑΝΑΣΙΟΣ,40.7165064,22.7279233,#N/A,
57004,ΝΕΑ ΜΗΧΑΝΙΩΝΑ,40.4630928,22.8610874,#N/A,
57006,ΒΑΣΙΛΙΚΑ ΘΕΣΣΑΛΟΝΙΚΗΣ,40.479961,23.136778,#N/A,
57007,ΧΑΛΚΗΔΩΝΑ,40.7322277,22.5979872,#N/A,
57009,ΚΑΛΟΧΩΡΙ,40.6429179,22.859184,#N/A,
57010,ΑΣΒΕΣΤΟΧΩΡΙ,40.6416947,23.0259963,#N/A,
57011,ΓΕΦΥΡΑ ΘΕΣΣΑΛΟΝΙΚΗΣ,40.7325414,22.6920826,#N/A,
57012,ΖΑΓΚΛΙΒΕΡΙ,40.5725114,23.2890208,#N/A,
57014,ΣΤΑΥΡΟΣ ΘΕΣΣΑΛΟΝΙΚΗΣ,40.6641845,23.6960989,#N/A,
57015,ΝΕΑ ΑΠΟΛΛΩΝ,40.6257023,23.4404266,#N/A,
57016,ΑΣΚΟΣ,40.7522592,23.3865016,#N/A,
57017,ΞΥΛΟΠΟΛΗ,40.9292486,23.1765232,#N/A,
57018,ΜΕΛΙΣΣΟΧΩΡΙ,40.7701712,22.934224,#N/A,
57020,ΛΑΓΚΑΔΙΚΙΑ,40.6376256,23.2428886,#N/A,
57022,ΒΙΟΜΗΧΑΝΙΚΗ ΠΕΡΙΟΧΗ ΘΕΣΣΑΛΟΝΙΚΗΣ,40.6903731,22.7896841,#N/A,
57100,ΚΟΥΦΑΛΙΑ,40.7822677,22.5735489,#N/A,
57200,ΛΑΓΚΑΔΑΣ,40.7512099,23.0695911,#N/A,
57300,ΧΑΛΑΣΤΡΑ,40.6262751,22.7307827,#N/A,
58001,ΚΑΡΥΩΤΙΣΣΑ,40.7698444,22.3138417,#N/A,
58002,ΑΡΝΙΣΣΑ,40.7965158,21.8355666,#N/A,
58003,ΦΟΥΣΤΑΝΗ,41.0555483,22.1750428,#N/A,
58004,ΕΞΑΠΛΑΤΑΝΟΣ,40.9769622,22.1315248,#N/A,
58005,ΠΕΛΛΑ,40.7632436,22.5260527,#N/A,
58300,ΚΡΥΑ ΒΡΥΣΗ,40.6872386,22.3041354,#N/A,
58400,ΑΡΙΔΑΙΑ,40.9735305,22.0610109,#N/A,
58500,ΣΚΥΔΡΑ,40.7673908,22.1539417,#N/A,
59031,ΜΕΛΙΚΗ,40.5200214,22.3953372,#N/A,
59032,ΣΙΔΗΡΟΔΡΟΜΙΚΟΣ ΣΤΑΘΜΟΣ ΠΛΑΤΕΟΣ,40.620728,22.4426038,#N/A,
59033,ΜΑΚΡΟΧΩΡΙ ΗΜΑΘΙΑΣ,40.5511823,22.249713,#N/A,
59034,ΕΙΡΗΝΟΥΠΟΛΗ,40.676197,22.2264794,#N/A,
59035,ΚΟΠΑΝΟΣ,40.6350113,22.1299742,#N/A,
59100,ΒΕΡΟΙΑ,40.6810929,22.8649846,#N/A,
59300,ΑΛΕΞΑΝΔΡΕΙΑ,40.6279023,22.444571,#N/A,
60061,ΚΟΛΙΝΔΡΟΣ,40.479174,22.4845811,#N/A,
60062,ΚΟΡΙΝΟΣ,40.3164117,22.5846703,#N/A,
60063,ΛΕΠΤΟΚΑΡΥΑ,40.0600581,22.5627377,#N/A,
60064,ΚΙΤΡΟΣ,40.3723508,22.5779402,#N/A,
60065,ΠΛΑΤΑΜΩΝΑΣ,39.9901304,22.6238625,#N/A,
60066,ΜΕΘΩΝΗ,40.4472604,22.5897037,#N/A,
60100,ΚΑΤΕΡΙΝΗ,40.2805592,22.5058399,#N/A,
60200,ΛΙΤΟΧΩΡΟ,40.1029473,22.5026117,#N/A,
60300,ΑΙΓΙΝΙΟ,40.4989376,22.5415237,#N/A,
61001,ΣΙΔΗΡΟΔΡΟΜΙΚΟΣ ΣΤΑΘΜΟΣ ΕΥΖΩΝΩΝ,39.917372,22.631177,#N/A,
61002,ΧΕΡΣΟ,41.0886243,22.7802415,#N/A,
61003,ΣΙΔΗΡΟΔΡΟΜΙΚΟΣ ΣΤΑΘΜΟΣ ΜΟΥΡΙΩΝ,41.2614603,22.8399193,#N/A,
61005,ΕΙΔΟΜΕΝΗ,41.1224928,22.5104771,#N/A,
61006,ΒΑΘΗ ΚΙΛΚΙΣ,38.0056273,23.6925459,#N/A,
61007,ΕΥΡΩΠΟΣ,40.8970173,22.5521319,#N/A,
61200,ΠΟΛΥΚΑΣΤΡΟ,40.9971976,22.5703984,#N/A,
61300,ΓΟΥΜΕΝΙΣΣΑ,40.946869,22.4510542,#N/A,
61400,ΑΞΙΟΥΠΟΛΗ,40.9862518,22.5406929,#N/A,
62041,ΡΟΔΟΛΙΒΟΣ,40.9201953,23.9742039,#N/A,
62042,ΝΕΑ ΖΙΧΝΗ,41.0323516,23.8279441,#N/A,
62043,ΝΕΟ ΠΕΤΡΙΤΣΙ,41.275748,23.2927645,#N/A,
62044,ΝΕΟΣ ΣΚΟΠΟΣ,41.0236769,23.6086664,#N/A,
62045,ΑΛΙΣΤΡΑΤΗ,41.0635479,23.958972,#N/A,
62046,ΧΡΥΣΟ,41.057857,23.6514405,#N/A,
62047,ΠΡΩΤΗ,40.9439243,24.0012717,#N/A,
62048,ΠΕΝΤΑΠΟΛΗ,41.0515692,23.6872775,#N/A,
62049,ΜΑΥΡΟΘΑΛΑΣΣΑ,40.8946186,23.7510711,#N/A,
62050,ΓΑΖΩΡΟΣ,41.0253005,23.7761244,#N/A,
62051,ΑΓΙΟ ΠΝΕΥΜΑ,40.2653649,21.8193279,#N/A,
62052,ΔΡΑΒΗΣΚΟΣ,40.9239562,23.8705359,#N/A,
62053,ΡΟΔΟΠΟΛΗ,41.2612832,22.9989148,#N/A,
62054,ΣΤΡΥΜΟΝΙΚΟ,41.0429433,23.3139811,#N/A,
62055,ΚΑΤΩ ΠΟΡΟΙΑ,41.2818182,23.0132131,#N/A,
62056,ΑΓΓΙΣΤΑ,40.9754787,23.9453991,#N/A,
62100,ΣΕΡΡΕΣ,41.0820427,23.4617028,#N/A,
62125,ΣΕΡΡΕΣ,41.090923,23.5413198,#N/A,
62200,ΝΙΓΡΙΤΑ,40.9084768,23.5004731,#N/A,
62300,ΣΙΔΗΡΟΚΑΣΤΡΟ,41.2349471,23.3938203,#N/A,
62400,ΗΡΑΚΛΕΙΑ,41.1837502,23.2810087,#N/A,
63071,ΟΡΜΥΛΙΑ,40.29485,23.5427653,#N/A,
63072,ΣΥΚΕΑ,40.0385165,23.9395054,#N/A,
63073,ΓΑΛΑΤΙΣΤΑ,40.4680317,23.2794039,#N/A,
63074,ΑΡΝΑΙΑ,40.4868316,23.5963957,#N/A,
63075,ΙΕΡΙΣΣΟΣ,40.3975466,23.8766837,#N/A,
63076,ΜΕΓΑΛΗ ΠΑΝΑΓΙΑ,40.4448171,23.6813175,#N/A,
63077,ΚΑΣΣΑΝΔΡΕΙΑ,40.0480392,23.4134501,#N/A,
63078,ΑΓΙΟΣ ΝΙΚΟΛΑΟΣ,40.2488839,23.695265,#N/A,
63079,ΝΕΑ ΤΡΙΓΛΙΑ,40.3062929,23.2071052,#N/A,
63080,ΝΕΑ ΚΑΛΛΙΚΡΑΤΕΙΑ,40.3131226,23.0632227,#N/A,
63081,ΝΕΟΣ ΜΑΡΜΑΡΑΣ,40.0926648,23.7865228,#N/A,
63082,ΣΤΡΑΤΩΝΙΟ,40.6391791,22.9563453,#N/A,
63083,ΣΤΡΑΤΟΝΙΚΗ,37.9524238,23.7463431,#N/A,
63084,ΒΑΒΔΟΣ,40.4263094,23.3239355,#N/A,
63085,ΠΕΥΚΟΧΩΡΙ,39.9880319,23.6140148,#N/A,
63086,ΚΑΡΥΕΣ ΑΓΙΟΥ ΟΡΟΥΣ,40.2565936,24.2445937,#N/A,
63087,ΔΑΦΝΗ ΑΓΙΟΥ ΟΡΟΥΣ,40.2144023,24.2219699,#N/A,
63088,ΝΙΚΗΤΗ,40.2201203,23.6688433,#N/A,
63100,ΠΟΛΥΓΥΡΟΣ,40.3816836,23.4426703,#N/A,
63200,ΝΕΑ ΜΟΥΔΑΝΙΑ,40.2409723,23.2865614,#N/A,
64001,ΝΙΚΗΣΙΑΝΗ,40.9492064,24.142372,#N/A,
64002,ΛΙΜΕΝΑΡΙΑ,40.6282676,24.5762096,#N/A,
64003,ΚΡΗΝΙΔΕΣ,41.0166403,24.2970744,#N/A,
64004,ΘΑΣΟΣ,40.6908469,24.7499112,#N/A,
64005,ΘΕΟΛΟΓΟΣ,40.658895,24.6927757,#N/A,
64006,ΝΕΑ ΚΑΡΒΑΛΗ,40.9624179,24.5082696,#N/A,
64007,ΝΕΑ ΠΕΡΑΜΟΣ,40.8385582,24.3031958,#N/A,
64008,ΜΟΥΣΘΕΝΗ,40.8614648,24.1119457,#N/A,
64009,ΚΕΧΡΟΚΑΜΠΟΣ,41.1574349,24.6363878,#N/A,
64010,ΚΡΙΝΟΣ,40.7408774,24.5772111,#N/A,
64011,ΚΕΡΑΜΩΤΗ,40.8600774,24.7056732,#N/A,
64012,ΑΜΥΓΔΑΛΕΩΝΑΣ,40.9612218,24.3617672,#N/A,
64100,ΕΛΕΥΘΕΡΟΥΠΟΛΗ,40.9156544,24.2547455,#N/A,
64200,ΧΡΥΣΟΥΠΟΛΗ,40.9880227,24.6966476,#N/A,
65500,ΚΑΒΑΛΑ,41.0380853,24.3935655,#N/A,
66031,ΚΑΛΑΜΠΑΚΙ,41.0519293,24.1877003,#N/A,
66032,ΚΥΡΙΑ,38.5009001,22.9626001,#N/A,
66033,Κ. ΝΕΥΡΟΚΟΠΙ,41.3422528,23.8682585,#N/A,
66034,ΦΩΤΟΛΙΒΟΣ,41.0606685,24.0475546,#N/A,
66035,ΠΑΡΑΝΕΣΤΙ,41.267032,24.5008777,#N/A,
66036,ΜΙΚΡΟΠΟΛΗ,41.1918781,23.8205588,#N/A,
66037,ΝΙΚΗΦΟΡΟΣ,41.1667332,24.3109632,#N/A,
66038,ΣΙΔΗΡΟΝΕΡΟ,41.4040889,24.2576633,#N/A,
66100,ΔΡΑΜΑ,41.149001,24.1470796,#N/A,
66200,ΠΡΟΣΟΤΣΑΝΗ,41.1791878,23.971453,#N/A,
66300,ΔΟΞΑΤΟ,41.0960223,24.2313529,#N/A,
67061,ΑΒΔΗΡΑ,40.9814734,24.9514602,#N/A,
67062,ΣΤΑΥΡΟΥΠΟΛΗ ΞΑΝΘΗΣ,41.1979838,24.7055252,#N/A,
67063,ΛΑΓΟΣ,41.006589,25.1193757,#N/A,
67064,ΓΕΝΙΣΕΑ,41.0610542,24.9613827,#N/A,
67100,ΞΑΝΘΗ,41.1300361,24.8864902,#N/A,
67200,ΕΥΛΑΛΟ,40.981773,24.802714,#N/A,
67300,ΕΧΙΝΟΣ,41.2753636,24.9723172,#N/A,
68001,ΝΕΑ ΒΥΣΣΑ,41.5863678,26.5428404,#N/A,
68002,ΣΑΜΟΘΡΑΚΗ,40.4742843,25.5251947,#N/A,
68003,ΤΥΧΕΡΟ,41.027698,26.2935333,#N/A,
68004,ΛΑΒΑΡΑ,41.2699615,26.38509,#N/A,
68005,ΜΙΚΡΟ ΔΕΡΕΙΟ,41.5068046,26.2257285,#N/A,
68006,ΚΥΠΡΙΝΟΣ,41.5752196,26.2288126,#N/A,
68007,ΔΙΚΑΙΑ,41.7045906,26.2964411,#N/A,
68008,ΚΑΣΤΑΝΙΕΣ ΕΒΡΟΥ,41.6454869,26.4764421,#N/A,
68009,ΣΙΔΗΡΟΔΡΟΜΙΚΟΣ ΣΤΑΘΜΟΣ ΠΥΘΙΟΥ,41.370114,26.6216643,#N/A,
68010,ΜΕΤΑΞΑΔΕΣ,41.4198507,26.2240908,#N/A,
68011,ΑΙΣΥΜΗ,41.0171751,25.955423,#N/A,
68012,ΓΕΦΥΡΑ ΚΗΠΩΝ,38.0218296,23.7290263,#N/A,
68013,ΠΕΠΛΟΣ,40.9562697,26.2680259,#N/A,
68014,ΡΙΖΙΑ,41.6237952,26.4256476,#N/A,
68100,ΑΛΕΞΑΝΔΡΟΥΠΟΛΗ,40.8457193,25.873962,#N/A,
68400,ΣΟΥΦΛΙ,41.1943451,26.2992566,#N/A,
68500,ΦΕΡΕΣ,40.8942408,26.1722017,#N/A,
69100,ΚΟΜΟΤΗΝΗ,41.1224394,25.4065582,#N/A,
69200,ΙΑΣΜΟΣ,41.1283966,25.1850002,#N/A,
69300,ΣΑΠΕΣ,41.0243406,25.6957932,#N/A,
69400,ΞΥΛΑΓΑΝΗ,40.9765733,25.4219873,#N/A,
69500,ΟΡΓΑΝΗ,41.2533133,25.6833783,#N/A,
70001,ΚΡΟΥΣΩΝΑΣ,35.2304671,24.9826973,#N/A,
70002,ΖΑΡΟΣ,35.1307741,24.9042562,#N/A,
70003,ΑΓΙΑ ΒΑΡΒΑΡΑ ΗΡΑΚΛΕΙ,35.1379603,25.0018691,#N/A,
70004,ΑΝΩ ΒΙΑΝΝΟΣ,35.0542103,25.4099813,#N/A,
70005,ΜΟΧΟΣ,35.2632695,25.4226697,#N/A,
70006,ΚΑΣΤΕΛΛΙ,35.208594,25.3382657,#N/A,
70007,ΜΑΛΙΑ,35.2831684,25.4628694,#N/A,
70008,ΕΠΙΣΚΟΠΗ ΗΡΑΚΛΕΙΟΥ,35.2570701,25.2375594,#N/A,
70009,ΠΟΜΠΙΑ,35.0096429,24.8666147,#N/A,
70010,ΠΥΡΓΟΣ ΗΡΑΚΛΕΙΟΥ,35.0086682,25.155807,#N/A,
70011,ΔΑΦΝΕΣ,35.2168078,25.050692,#N/A,
70012,ΑΓΙΟΙ ΔΕΚΑ,35.0578884,24.9598591,#N/A,
70013,ΑΓΙΟΣ ΜΥΡΩΝΑΣ,35.232402,25.0281937,#N/A,
70014,ΛΙΜΕΝΑΣ ΧΕΡΣΟΝΗΣΟΥ,35.3146261,25.3953749,#N/A,
70015,ΕΜΠΑΡΟΣ,35.095973,25.3849988,#N/A,
70016,ΑΣΗΜΙ,35.0435187,25.0928704,#N/A,
70017,ΓΕΡΓΕΡΗ,35.1324304,24.9495856,#N/A,
70100,ΑΡΧΑΝΕΣ,35.2353169,25.1593119,#N/A,
70200,ΤΥΜΠΑΚΙ,35.0729318,24.7686207,#N/A,
70300,ΑΡΚΑΛΟΧΩΡΙ,35.1479034,25.2645052,#N/A,
70400,ΜΟΙΡΕΣ,35.0515319,24.8730367,#N/A,
71201,ΗΡΑΚΛΕΙΟ,35.337249,25.1333357,#N/A,
71202,ΗΡΑΚΛΕΙΟ,35.3413593,25.1348831,#N/A,
71303,ΗΡΑΚΛΕΙΟ,35.3354983,25.1156434,#N/A,
71304,ΗΡΑΚΛΕΙΟ,35.3336416,25.1210703,#N/A,
71305,ΗΡΑΚΛΕΙΟ,35.3272623,25.1299487,#N/A,
71306,ΗΡΑΚΛΕΙΟ,35.3330398,25.1388411,#N/A,
71307,ΗΡΑΚΛΕΙΟ,35.338731,25.1482491,#N/A,
71309,ΗΡΑΚΛΕΙΟ,36.6438096,24.3853429,#N/A,
71409,ΗΡΑΚΛΕΙΟ,35.3124092,25.1467825,#N/A,
71410,ΗΡΑΚΛΕΙΟ,35.3180714,25.1225827,#N/A,
71414,ΓΑΖΙ,35.3257366,25.0653991,#N/A,
71500,ΗΡΑΚΛΕΙΟ,35.3387352,25.1442126,#N/A,
71601,ΝΕΑ ΑΛΙΚΑΡΝΑΣΣΟΣ,35.3372877,25.1600453,#N/A,
72051,ΚΡΙΤΣΑ,35.156733,25.6442168,#N/A,
72052,ΤΖΕΡΜΙΑΔΟ,35.19954,25.4891347,#N/A,
72053,ΕΛΟΥΝΤΑ,35.2613505,25.7234164,#N/A,
72054,ΒΡΑΧΑΣΙ,35.2737073,25.5631411,#N/A,
72055,ΣΤΑΥΡΟΧΩΡΙ,35.0775276,25.941636,#N/A,
72056,ΜΑΛΕΣ,35.0804049,25.584941,#N/A,
72057,ΤΟΥΡΛΩΤΗ,35.1600226,25.9379001,#N/A,
72058,ΦΟΥΡΝΗ,37.6914237,26.5734432,#N/A,
72059,ΧΑΝΔΡΑΣ,35.0812107,26.099508,#N/A,
72400,ΝΕΑΠΟΛΗ ΚΡΗΤΗΣ,35.2563455,25.6048531,#N/A,
73001,ΠΑΛΑΙΟΧΩΡΑ,35.2294606,23.6819128,#N/A,
73002,ΒΟΥΚΟΛΙΕΣ,35.4670346,23.7998679,#N/A,
73003,ΚΑΛΥΒΕΣ,35.4511208,24.1697218,#N/A,
73004,ΚΑΝΤΑΝΟΣ,35.3274474,23.7415942,#N/A,
73005,ΑΛΙΚΙΑΝΟΣ,35.4542693,23.9115673,#N/A,
73006,ΚΟΛΥΜΒΑΡΙ,35.5374671,23.7813889,#N/A,
73007,ΒΡΥΣΕΣ,35.3750852,24.2012676,#N/A,
73008,ΒΑΜΟΣ,35.4077376,24.1969073,#N/A,
73009,ΡΟΔΟΒΑΝΙ,35.2891351,23.7823986,#N/A,
73010,ΤΟΠΟΛΙΑ,35.4308867,23.6774459,#N/A,
73011,ΧΩΡΑ ΣΦΑΚΙΩΝ,35.2015175,24.1380312,#N/A,
73012,ΒΑΘΗ ΧΑΝΙΩΝ,35.3595339,23.5954227,#N/A,
73013,ΑΣΚΥΦΟΣ,35.2911589,24.1763519,#N/A,
73014,ΠΛΑΤΑΝΙΑ,35.5078674,23.8941657,#N/A,
73100,ΧΑΝΙΑ,35.5138298,24.0180367,#N/A,
73200,ΣΟΥΔΑ,35.4874818,24.0742105,#N/A,
73300,ΜΟΥΡΝΙΕΣ,35.4829528,24.0130197,#N/A,
73400,ΚΙΣΣΑΜΟΣ,35.4945873,23.6537459,#N/A,
74000,ΜΥΡΘΙΟΣ,35.1995381,24.4027816,#N/A,
74051,ΑΝΩΓΕΙΑ,35.2896605,24.8844831,#N/A,
74052,ΠΕΡΑΜΑ ΡΕΘΥΜΝΗΣ,35.3688295,24.7033422,#N/A,
74053,ΣΠΗΛΙ,35.2188059,24.5357817,#N/A,
74054,ΓΑΡΑΖΟ,35.3439756,24.7884303,#N/A,
74055,ΕΠΙΣΚΟΠΗ ΡΕΘΥΜΝΗΣ,35.3292328,24.3359662,#N/A,
74056,ΑΓΙΑ ΓΑΛΗΝΗ,35.0962722,24.6883687,#N/A,
74057,ΠΑΝΟΡΜΟΣ ΡΕΘΥΜΝΗΣ,35.4181826,24.6908006,#N/A,
74058,ΡΟΥΣΤΙΚΑ,35.2876418,24.3734879,#N/A,
74059,ΑΠΟΔΟΥΛΟΥ,35.1096654,24.7599531,#N/A,
74060,ΜΥΡΘΙΟΣ,35.1995381,24.4027816,#N/A,
74061,ΑΜΑΡΙ,35.2268843,24.6508664,#N/A,
74062,ΒΙΖΑΡΙ,35.2094697,24.7022511,#N/A,
74100,ΡΕΘΥΜΝΟ,35.3643615,24.4821552,#N/A,
80100,ΚΥΘΗΡΑ ΑΝΤΙΚΥΘΗΡΑ,35.881144,23.2885249,#N/A,
80200,ΚΥΘΗΡΑ,36.25,23,#N/A,
81100,ΜΥΤΙΛΗΝΗ,39.1067382,26.5572747,#N/A,
81101,ΑΓΙΑΣΟΣ,39.0820946,26.3724138,#N/A,
81102,ΑΓΙΑ ΠΑΡΑΣΚΕΥΗ ΛΕΣΒΟ,39.248085,26.2713609,#N/A,
81103,ΑΝΤΙΣΣΑ,39.2340052,25.9801289,#N/A,
81104,ΜΑΝΤΑΜΑΔΟΣ,39.3102672,26.336254,#N/A,
81105,ΕΡΕΣΟΣ,39.1704792,25.9341525,#N/A,
81106,ΠΑΠΠΑΔΟΣ,39.0390133,26.4565448,#N/A,
81107,ΚΑΛΛΟΝΗ,39.233118,26.2072301,#N/A,
81108,ΜΗΘΥΜΝΑ,39.367146,26.1751462,#N/A,
81109,ΠΕΤΡΑ,39.3277944,26.175283,#N/A,
81110,ΒΑΤΟΥΣΑ,39.2251633,26.04836,#N/A,
81111,ΠΕΡΑΜΑ,39.0430748,26.5045429,#N/A,
81112,ΣΙΓΡΙΟ,39.211424,25.8525479,#N/A,
81113,ΦΙΛΙΑ,37.1573835,21.5855686,#N/A,
81200,ΠΛΩΜΑΡΙ,38.97513,26.3684411,#N/A,
81300,ΠΟΛΙΧΝΙΤΟΣ,39.079097,26.1805543,#N/A,
81400,ΜΥΡΙΝΑ,39.875265,25.063448,#N/A,
81401,ΜΟΥΔΡΟΣ,39.8743467,25.2690527,#N/A,
81500,ΑΓΙΟΣ ΕΥΣΤΡΑΤΙΟΣ,39.5394875,24.9886687,#N/A,
82100,ΧΙΟΣ,38.3709813,26.1363457,#N/A,
82101,ΟΙΝΟΥΣΣΕΣ,38.5154349,26.2204921,#N/A,
82102,ΚΑΛΑΜΩΤΗ,38.2336689,26.0461716,#N/A,
82103,ΒΟΛΙΣΣΟΣ,38.4834047,25.9266574,#N/A,
82104,ΨΑΡΑ,38.541705,25.5625764,#N/A,
82200,ΒΡΟΝΤΑΔΟΣ,38.413693,26.1323564,#N/A,
82300,ΚΑΡΔΑΜΥΛΑ,38.5288989,26.0921367,#N/A,
83101,ΜΥΤΙΛΗΝΙΟΙ,37.7272485,26.906704,#N/A,
83102,ΜΑΡΑΘΟΚΑΜΠΟΣ,37.7272804,26.6892471,#N/A,
83103,ΠΥΘΑΓΟΡΕΙΟ,37.6899431,26.9426018,#N/A,
83104,ΠΥΡΓΟΣ ΣΑΜΟΥ,37.7089217,26.8033222,#N/A,
83200,ΚΑΡΛΟΒΑΣΙ,37.7920861,26.7049,#N/A,
83300,ΑΓΙΟΣ ΚΗΡΥΚΟΣ,37.6162112,26.2954532,#N/A,
83301,ΡΑΧΕΣ,37.6227034,26.061596,#N/A,
83302,ΕΥΔΗΛΟΣ,37.6315616,26.1777245,#N/A,
83400,ΦΟΥΡΝΟΙ,37.5769503,26.4820926,#N/A,
84001,ΙΟΣ,36.7233028,25.2822782,#N/A,
84002,ΚΕΑ ΤΖΙΑ,37.60758,24.3103718,#N/A,
84003,ΣΙΦΝΟΣ,36.9679573,24.7024179,#N/A,
84004,ΚΙΜΩΛΟΣ,36.7929382,24.5747321,#N/A,
84005,ΣΕΡΙΦΟΣ,37.1558094,24.5059171,#N/A,
84006,ΚΥΘΝΟΣ,37.4123246,24.4308039,#N/A,
84007,ΑΝΤΙΠΑΡΟΣ,37.0403398,25.0814153,#N/A,
84008,ΑΜΟΡΓΟΣ,36.8400184,25.8876641,#N/A,
84009,ΑΝΑΦΗ,36.3514465,25.76803,#N/A,
84010,ΣΙΚΙΝΟΣ,36.6966848,25.1197219,#N/A,
84011,ΦΟΛΕΓΑΝΔΡΟΣ,36.6287384,24.9206651,#N/A,
84100,ΣΥΡΟΣ,37.439611,24.8880925,#N/A,
84201,ΠΑΝΟΡΜΟΣ ΤΗΝΟΥ,37.6406374,25.0407908,#N/A,
84300,ΝΑΞΟΣ,37.1021029,25.376114,#N/A,
84301,ΚΟΡΩΝΙΔΑ,37.4255841,23.120504,#N/A,
84302,ΧΑΛΚΕΙΟ,37.0632999,25.4822206,#N/A,
84400,ΠΑΡΟΣ,37.0856432,25.1488318,#N/A,
84401,ΝΑΟΥΣΑ ΠΑΡΟΥ,37.1235743,25.238722,#N/A,
84500,ΑΝΔΡΟΣ,37.8380382,24.9391268,#N/A,
84501,ΓΑΥΡΙΟ,37.8844458,24.7370121,#N/A,
84502,ΚΟΡΘΙΟ,38.0094706,23.7331367,#N/A,
84600,ΜΥΚΟΝΟΣ,37.4467185,25.3288623,#N/A,
84700,ΘΗΡΑ,36.3931562,25.4615092,#N/A,
84701,ΠΥΡΓΟΣ ΚΑΛΛΙΣΤ.ΘΗΡΑΣ,36.3810831,25.4424456,#N/A,
84702,ΟΙΑ,36.4618199,25.3753101,#N/A,
84703,ΕΜΠΟΡΕΙΟΝ,36.3563415,25.4420181,#N/A,
84800,ΜΗΛΟΣ,36.6914464,24.3935655,#N/A,
84801,ΑΔΑΜΑΣ,36.7252955,24.4447587,#N/A,
85001,ΛΕΙΨΟΙ,37.2953169,26.7685803,#N/A,
85002,ΤΗΛΟΣ,36.4800719,27.2896553,#N/A,
85100,ΡΟΔΟΣ,36.4349631,28.2174829,#N/A,
85102,ΑΡΧΑΓΓΕΛΟΣ,36.2145292,28.116926,#N/A,
85103,ΑΦΑΝΤΟΥ,36.2944144,28.1620173,#N/A,
85105,ΚΑΛΥΘΙΕΣ,36.3354943,28.1757705,#N/A,
85106,ΠΑΡΑΔΕΙΣΙ,36.3993436,28.0832361,#N/A,
85107,ΛΙΝΔΟΣ,36.0918486,28.0856654,#N/A,
85108,ΚΡΗΤΗΝΙΑ,36.2490332,27.8307934,#N/A,
85109,ΓΕΝΝΑΔΙ,36.0236145,27.9232631,#N/A,
85110,ΧΑΛΚΗ,36.2222849,27.6118994,#N/A,
85111,ΚΑΣΤΕΛΛΟΡΙΖΟ,36.1495227,29.5934415,#N/A,
85200,ΚΑΛΥΜΝΟΣ,36.9522824,26.9807653,#N/A,
85300,ΚΩΣ,36.8925871,27.2877926,#N/A,
85301,ΚΕΦΑΛΟΣ ΚΩ,36.7445146,26.9591755,#N/A,
85302,ΑΝΤΙΜΑΧΕΙΑ,36.8092579,27.0981016,#N/A,
85303,ΝΙΣΥΡΟΣ,36.5900619,27.1676269,#N/A,
85400,ΛΕΡΟΣ,37.1409141,26.8488427,#N/A,
85401,ΛΑΚΚΙ ΛΕΡΟΥ,37.1359936,26.8414621,#N/A,
85500,ΠΑΤΜΟΣ,37.3093015,26.5466911,#N/A,
85600,ΣΥΜΗ,36.6156541,27.8359617,#N/A,
85700,ΚΑΡΠΑΘΟΣ,35.5065632,27.2123511,#N/A,
85800,ΚΑΣΟΣ,35.401053,26.9263671,#N/A,
85900,ΑΣΤΥΠΑΛΑΙΑ,36.5489003,26.3524437,#N/A,
90000,ΑΕΡΟΔΡΟΜΙΟ ΛΕΩΦΟΡΟ ΒΕΝΙΖΕΛΟΥ,37.9124909,23.9012203,#N/A,
90002,INTERCITY,47.9148184,-122.2351332,#N/A,
90003,INTERCITY,47.9148184,-122.2351332,#N/A,
84503,Κυκλάδες,36.8516125,25.3018402,#N/A,
55103,Θεσσαλονίκη,40.6400629,22.9444191,#N/A,
55510,Θεσσαλονίκη Προάστια,40.6400629,22.9444191,#N/A,
41000,Λάρισα,39.6390224,22.4191254,#N/A,
19019,Ανατολικά Προάστια,40.9748618,24.7055291,#N/A,
19017,Ανατολικά Προάστια,40.9748618,24.7055291,#N/A,
55102,Θεσσαλονίκη Προάστια,40.6400629,22.9444191,#N/A,
21000,Αργολίδα,37.6525404,22.858217,#N/A,
10173,Κέντρο Αθήνα,37.9886057,23.7030664,#N/A,
18446,Πειραιάς Κέντρο,37.9325109,23.6877871,#N/A,
54210,Θεσσαλονίκη Κέντρο,40.6093105,22.953029,#N/A,
54110,Θεσσαλονίκη Κέντρο,40.6093105,22.953029,#N/A,
16610,Γλυφάδα Νότια Προάστια,37.8650426,23.7550447,#N/A,
55110,Θεσσαλονίκη Προάστια,40.6400629,22.9444191,#N/A,
25000,Αχαϊα,38.1158729,21.9522491,#N/A,
55501,Θεσσαλονίκη Προάστια,40.6400629,22.9444191,#N/A,
71002,Ηράκλειο Κρήτης,38.0602,23.7730194,#N/A,
17655,Γλυφάδα Νότια Προάστια,37.8650426,23.7550447,#N/A,
73000,Χανιά Κρήτης,35.5138298,24.0180367,#N/A,
15374,Ανατολικά Προάστια,40.9748618,24.7055291,#N/A,
67150,Ξάνθη,41.1300361,24.8864902,#N/A,
58000,Πέλλα,40.7632436,22.5260527,#N/A,
13345,Δυτικά Προάστια,40.4883005,21.7104633,#N/A,
